-- phpMyAdmin SQL Dump
-- version 3.5.4
-- http://www.phpmyadmin.net
--
-- 主机: localhost
-- 生成日期: 2013 年 07 月 06 日 07:41
-- 服务器版本: 5.5.19
-- PHP 版本: 5.3.14

SET SQL_MODE="NO_AUTO_VALUE_ON_ZERO";
SET time_zone = "+00:00";

--
-- 数据库: `psydatabase`
--
CREATE DATABASE `psydatabase` DEFAULT CHARACTER SET utf8 COLLATE utf8_bin;
USE `psydatabase`;

-- --------------------------------------------------------

--
-- 表的结构 `answers`
--

CREATE TABLE IF NOT EXISTS `answers` (
  `id` int(11) NOT NULL AUTO_INCREMENT,
  `gauge_id` int(11) NOT NULL,
  `user_id` int(11) NOT NULL,
  `result` text COLLATE utf8_bin NOT NULL,
  PRIMARY KEY (`id`),
  KEY `gid` (`gauge_id`,`user_id`)
) ENGINE=InnoDB DEFAULT CHARSET=utf8 COLLATE=utf8_bin AUTO_INCREMENT=1 ;

-- --------------------------------------------------------

--
-- 表的结构 `basic_info`
--

CREATE TABLE IF NOT EXISTS `basic_info` (
  `userid` varchar(10) COLLATE utf8_bin NOT NULL DEFAULT '',
  `phone` varchar(20) COLLATE utf8_bin DEFAULT NULL,
  `age` varchar(3) COLLATE utf8_bin DEFAULT NULL,
  `nation` varchar(20) COLLATE utf8_bin DEFAULT NULL,
  `height` varchar(20) COLLATE utf8_bin DEFAULT NULL,
  `weight` varchar(20) COLLATE utf8_bin DEFAULT NULL,
  `sight_before` varchar(5) COLLATE utf8_bin DEFAULT NULL,
  `sight_after` varchar(5) COLLATE utf8_bin DEFAULT NULL,
  `household` varchar(50) COLLATE utf8_bin DEFAULT NULL,
  `location` varchar(50) COLLATE utf8_bin DEFAULT NULL,
  `marriage` varchar(20) COLLATE utf8_bin DEFAULT NULL,
  `educational` varchar(50) COLLATE utf8_bin DEFAULT NULL,
  `is_driver` varchar(10) COLLATE utf8_bin DEFAULT NULL,
  `driver_age` varchar(3) COLLATE utf8_bin DEFAULT NULL,
  `lisence` varchar(10) COLLATE utf8_bin DEFAULT NULL,
  `car_type` varchar(20) COLLATE utf8_bin DEFAULT NULL,
  `car_number` varchar(20) COLLATE utf8_bin DEFAULT NULL,
  `smoke_drive` varchar(10) COLLATE utf8_bin DEFAULT NULL,
  `drive_miles` varchar(20) COLLATE utf8_bin DEFAULT NULL,
  `drive_area` varchar(20) COLLATE utf8_bin DEFAULT NULL,
  `light` varchar(2) COLLATE utf8_bin DEFAULT NULL,
  `normal` varchar(2) COLLATE utf8_bin DEFAULT NULL,
  `heavy` varchar(2) COLLATE utf8_bin DEFAULT NULL,
  `danger` varchar(2) COLLATE utf8_bin DEFAULT NULL,
  `alcohol` varchar(2) COLLATE utf8_bin DEFAULT NULL,
  `eight` varchar(2) COLLATE utf8_bin DEFAULT NULL,
  `four` varchar(2) COLLATE utf8_bin DEFAULT NULL,
  `exhaust` varchar(2) COLLATE utf8_bin DEFAULT NULL,
  `is_complished` tinyint(1) DEFAULT NULL,
  PRIMARY KEY (`userid`),
  UNIQUE KEY `userid` (`userid`)
) ENGINE=InnoDB DEFAULT CHARSET=utf8 COLLATE=utf8_bin;

-- --------------------------------------------------------

--
-- 表的结构 `dimension`
--

CREATE TABLE IF NOT EXISTS `dimension` (
  `id` int(3) NOT NULL AUTO_INCREMENT,
  `gid` int(3) NOT NULL,
  `name` varchar(50) COLLATE utf8_bin NOT NULL,
  `description` varchar(100) COLLATE utf8_bin DEFAULT NULL,
  `rules` text COLLATE utf8_bin,
  `boundary` varchar(10) COLLATE utf8_bin NOT NULL,
  `lowpass` int(1) NOT NULL DEFAULT '0',
  `decisive` int(11) NOT NULL DEFAULT '0',
  `high` varchar(500) COLLATE utf8_bin DEFAULT NULL,
  `low` varchar(500) COLLATE utf8_bin DEFAULT NULL,
  PRIMARY KEY (`id`)
) ENGINE=InnoDB  DEFAULT CHARSET=utf8 COLLATE=utf8_bin AUTO_INCREMENT=45 ;

--
-- 转存表中的数据 `dimension`
--

INSERT INTO `dimension` (`id`, `gid`, `name`, `description`, `rules`, `boundary`, `lowpass`, `decisive`, `high`, `low`) VALUES
(1, 5, 'A乐群性', '因素A', '[{"min":0,"max":1,"alter":1},\n{"min":2,"max":3,"alter":2},\n{"min":4,"max":5,"alter":3},\n{"min":6,"max":7,"alter":4},\n{"min":8,"max":9,"alter":5},\n{"min":10,"max":11,"alter":6},\n{"min":12,"max":13,"alter":7},\n{"min":14,"max":15,"alter":8},\n{"min":16,"max":17,"alter":9},\n{"min":18,"max":20,"alter":10}]', '5.5', 0, 0, '开朗、热情、随和，易于建立社会联系，在集体中倾向于承担责任和担任领导之职，在职业中容易得到晋升。推销员、企业经理、教师、会计、社会工作者等多具有此种特质。', '保守、孤僻、严肃、退缩、拘谨、生硬。在职业上倾向于从事富于创造性的工作，如科学家(尤其是物理学家和生物学家)、艺术家、音乐家和作家。'),
(2, 5, 'B聪慧性', '因素B', '[{"min":0,"max":3,"alter":1},\n{"min":4,"max":4,"alter":2},\n{"min":5,"max":5,"alter":3},\n{"min":6,"max":6,"alter":4},\n{"min":7,"max":7,"alter":5},\n{"min":8,"max":8,"alter":6},\n{"min":9,"max":9,"alter":7},\n{"min":10,"max":10,"alter":8},\n{"min":11,"max":11,"alter":9},\n{"min":12,"max":13,"alter":10}]', '5.5', 0, 0, '较迟钝，思考能力差。适宜一些琐事性工作，如杂务工等。', '聪明，富有才识，善于抽象思考。学习能力强，思考敏捷正确。适宜经过专业训练后的工作，如高科技技术人员、专业客户经理等。'),
(3, 5, 'C稳定性', '因素C', '[{"min":0,"max":7,"alter":1},\n{"min":8,"max":9,"alter":2},\n{"min":10,"max":11,"alter":3},\n{"min":12,"max":13,"alter":4},\n{"min":14,"max":15,"alter":5},\n{"min":16,"max":18,"alter":6},\n{"min":19,"max":20,"alter":7},\n{"min":21,"max":22,"alter":8},\n{"min":23,"max":23,"alter":9},\n{"min":24,"max":26,"alter":10}]', '5.5', 1, 1, '情绪稳定、成熟，能够面对现实，在集体中较受尊重。容易与别人合作，多倾向于从事技术性工作、管理性工作及飞行员、护士、研究人员、运动员等工作。', '情绪不稳定、幼稚、意气用事。当事业和爱情受挫时情绪沮丧，不易恢复。多倾向于从事会计、办事员、艺术家、售货员等职业。'),
(4, 5, '因素E', '因素E——影响性', '[{"min":0,"max":4,"alter":1},\n{"min":5,"max":6,"alter":2},\n{"min":7,"max":8,"alter":3},\n{"min":9,"max":9,"alter":4},\n{"min":10,"max":11,"alter":5},\n{"min":12,"max":13,"alter":6},\n{"min":14,"max":15,"alter":7},\n{"min":16,"max":17,"alter":8},\n{"min":18,"max":18,"alter":9},\n{"min":19,"max":26,"alter":10}]', '5.5', 0, 0, '谦卑、温顺、随和、惯于服从。职业选择倾向于咨询顾问、医生、办事员。', '武断、盛气凌人、争强好胜、固执己见。有时表出反传统倾向，不循规蹈矩，在集体活动中有时不遵守纪律。社会接触较广泛。在学校学习期间，学习成绩一般或稍差。在大学期间可能表现出较强的数学能力。创造性和研究能力较强，经商能力稍差。在职业上，倾向于管理人员、艺术家、工程师、心理学家。'),
(5, 5, '因素F', '因素F——活泼性', '[{"min":0,"max":3,"alter":1},\n{"min":4,"max":4,"alter":2},\n{"min":5,"max":6,"alter":3},\n{"min":7,"max":8,"alter":4},\n{"min":9,"max":10,"alter":5},\n{"min":11,"max":13,"alter":6},\n{"min":14,"max":15,"alter":7},\n{"min":16,"max":17,"alter":8},\n{"min":18,"max":19,"alter":9},\n{"min":20,"max":26,"alter":10}]', '5.5', 0, 0, '节制、自律、严肃、沉默寡言。学术活动能力比社会活动能力强一些。职业上倾向于会计、行政人员、教授、科研人员等', '轻松、愉快、逍遥、放纵，社会联系广泛，在集体中较引人注目。在职业上，倾向于运动员、经商者、空中小姐等'),
(6, 5, '因素G——有恒性', '因素G——有恒性', '[{"min":0,"max":6,"alter":1},\n{"min":7,"max":8,"alter":2},\n{"min":9,"max":9,"alter":3},\n{"min":10,"max":11,"alter":4},\n{"min":12,"max":13,"alter":5},\n{"min":14,"max":14,"alter":6},\n{"min":15,"max":16,"alter":7},\n{"min":17,"max":17,"alter":8},\n{"min":18,"max":18,"alter":9},\n{"min":19,"max":20,"alter":10}]', '5.5', 0, 0, '真诚、重良心、有毅力、执著、道德感强，孝敬、尊重父母。工作勤奋，睡眠较少，在直接接触的小群体中会自然而然地成为领导性人物。在职业上倾向于会计、百货经营经理等。', '自私、唯利是图、不讲原则、不守规则、不尊重父母、对异性较随便、缺乏社会责任感。在职业上倾向于艺术家、作家、记者等'),
(7, 5, '因素H——交际性', '因素H——交际性', '[{"min":0,"max":2,"alter":1},\n{"min":3,"max":3,"alter":2},\n{"min":4,"max":5,"alter":3},\n{"min":6,"max":7,"alter":4},\n{"min":8,"max":10,"alter":5},\n{"min":11,"max":13,"alter":6},\n{"min":14,"max":15,"alter":7},\n{"min":16,"max":18,"alter":8},\n{"min":19,"max":20,"alter":9},\n{"min":21,"max":26,"alter":10}]', '5.5', 1, 1, '害羞、胆怯、易受惊怕。交感神经占支配地位。在职业上，倾向于编辑人员、农业技术人员', '冒险、不可遏制、在社会行为方面胆大妄为，副交感神经占支配地位。在职业上，倾向于竞技体育运动、音乐工作者等'),
(8, 5, '因素I——情感性', '因素I——情感性', '[{"min":0,"max":3,"alter":1},\n{"min":4,"max":5,"alter":2},\n{"min":6,"max":6,"alter":3},\n{"min":7,"max":7,"alter":4},\n{"min":8,"max":9,"alter":5},\n{"min":10,"max":11,"alter":6},\n{"min":12,"max":13,"alter":7},\n{"min":14,"max":14,"alter":8},\n{"min":15,"max":16,"alter":9},\n{"min":17,"max":20,"alter":10}]', '5.5', 0, 0, '细心、敏感、依赖性强；遇事优柔寡断，缺乏自信，在职业上倾向于美术工作者、行政人员、社会科学家社会工作者、编辑。', '粗心、自立、现实。喜爱参加体育活动，通常身体较健康；遇事果断、自信。职业上倾向于工程师、电气技师、警察等。'),
(9, 5, '因素L——怀疑性', '因素L——怀疑性', '[{"min":0,"max":4,"alter":1},\n{"min":5,"max":6,"alter":2},\n{"min":7,"max":8,"alter":3},\n{"min":9,"max":9,"alter":4},\n{"min":10,"max":10,"alter":5},\n{"min":11,"max":12,"alter":6},\n{"min":13,"max":13,"alter":7},\n{"min":14,"max":15,"alter":8},\n{"min":16,"max":16,"alter":9},\n{"min":17,"max":20,"alter":10}]', '5.5', 0, 0, '多疑、戒备，不易受欺骗，易困，多睡眠。在集体中与他人保持距离，缺乏合作精神。职业上倾向于编辑、管理人员、创造性科学研究人员。\n', '真诚、合作、宽容、容易适应环境，在集体中容易与人形成良好的关系。职业上倾向于会计、炊事员、电气技师、机械师、生物学家、物理学家。'),
(10, 5, '因素M——想象性', '因素M——想象性', '[{"min":0,"max":4,"alter":1},\n{"min":5,"max":6,"alter":2},\n{"min":7,"max":8,"alter":3},\n{"min":9,"max":10,"alter":4},\n{"min":11,"max":12,"alter":5},\n{"min":13,"max":14,"alter":6},\n{"min":15,"max":16,"alter":7},\n{"min":17,"max":18,"alter":8},\n{"min":19,"max":20,"alter":9},\n{"min":21,"max":26,"alter":10}]', '5.5', 0, 0, '富于想象，生活豪放不羁，对事漫不经心，通常在中学毕业后努力争取继续学习而不是早早就业。在集体中不太被人们看重，不修边幅，不重整洁，粗枝大叶。经常变换工作，不易被晋升。具此种特质的人大多属于艺术家。', '现实、脚踏实地、处事稳妥、具忧患意识、办事认真谨慎。宜从事交通警、机场地勤等。'),
(11, 5, '因素N——世故性', '因素N——世故性', '[{"min":0,"max":2,"alter":1},\n{"min":3,"max":3,"alter":2},\n{"min":4,"max":5,"alter":3},\n{"min":6,"max":6,"alter":4},\n{"min":7,"max":8,"alter":5},\n{"min":9,"max":10,"alter":6},\n{"min":11,"max":11,"alter":7},\n{"min":12,"max":12,"alter":8},\n{"min":13,"max":14,"alter":9},\n{"min":15,"max":20,"alter":10}]', '5.5', 0, 0, '机敏、狡黠、圆滑、世故，人情练达，善于处世。在社会中容易取得较好的地位，善于解决疑难问题，在集体中受到人们的重视。职业上倾向于心理学家、企业家、商人等。', '直率、坦诚、不加掩饰、不留情面，有时显得过于刻板，不为社会所接受。在社会中不易取得较高地位。职业上倾向于艺术家、汽车修理工、矿工、厨师、警卫。'),
(12, 5, '因素O——忧虑性', '因素O——忧虑性', '[{"min":0,"max":2,"alter":1},\n{"min":3,"max":4,"alter":2},\n{"min":5,"max":5,"alter":3},\n{"min":6,"max":7,"alter":4},\n{"min":8,"max":9,"alter":5},\n{"min":10,"max":12,"alter":6},\n{"min":13,"max":14,"alter":7},\n{"min":15,"max":16,"alter":8},\n{"min":17,"max":18,"alter":9},\n{"min":19,"max":26,"alter":10}]', '5.5', 0, 0, '忧郁、自责、缺乏安全感，焦虑、不安、自扰、杞人忧天。朋友较少，在集体中既无领袖欲望，亦不被推选为领袖。常对环境进行抱怨，牢骚满腹。害羞、不善言\n词、爱哭。职业上倾向于艺术家、农工等。', '自信、心平气和、坦然、宁静，有时自负、自命不凡、自鸣得意，容易适应环境，知足常乐。职业上倾向于竞技体育运动员、行政人员、物理学家、机械师。'),
(13, 5, '因素Q1——变革性', '因素Q1——变革性', '[{"min":0,"max":5,"alter":1},\n{"min":6,"max":6,"alter":2},\n{"min":7,"max":7,"alter":3},\n{"min":8,"max":9,"alter":4},\n{"min":10,"max":10,"alter":5},\n{"min":11,"max":12,"alter":6},\n{"min":13,"max":14,"alter":7},\n{"min":15,"max":15,"alter":8},\n{"min":16,"max":16,"alter":9},\n{"min":17,"max":20,"alter":10}]', '5.5', 0, 0, '好奇、喜欢尝试各种可能性，思想自由、开放、激进，接近进步的政治党派。对宗教活动不够积极，身体较健康，在家庭中较少大男子主义。职业倾向于艺术家、作家、会计、工程师、教授。', '保守、循规蹈矩、尊重传统。职业倾向于运动员、机械师、军官、音乐家、商人、警察、厨师、保姆。'),
(14, 5, '因素Q2——独立性', '因素Q2——独立性', '[{"min":0,"max":3,"alter":1},\n{"min":4,"max":4,"alter":2},\n{"min":5,"max":6,"alter":3},\n{"min":7,"max":8,"alter":4},\n{"min":9,"max":10,"alter":5},\n{"min":11,"max":12,"alter":6},\n{"min":13,"max":13,"alter":7},\n{"min":14,"max":15,"alter":8},\n{"min":16,"max":16,"alter":9},\n{"min":17,"max":20,"alter":10}]', '5.5', 0, 0, '自信、有主见、足智多谋。遇事勇于自己做主，不依赖他人，不推诿责任。职业上倾向于创造性工作，如艺术家、工程师、科学研究人员、教授、作家。', '依赖性强，缺乏主见，在集体中经常是一个随波逐流的人，对于权威是一个忠实的追随者。职业上倾向于厨师、保姆、护士、社会工作者。'),
(15, 5, '因素Q3——自律性', '因素Q3——自律性', '[{"min":0,"max":5,"alter":1},\n{"min":6,"max":7,"alter":2},\n{"min":8,"max":9,"alter":3},\n{"min":10,"max":10,"alter":4},\n{"min":11,"max":12,"alter":5},\n{"min":13,"max":14,"alter":6},\n{"min":15,"max":16,"alter":7},\n{"min":17,"max":17,"alter":8},\n{"min":18,"max":18,"alter":9},\n{"min":19,"max":20,"alter":10}]', '5.5', 0, 0, '不能自制、不遵守纪律、松懈、随心所欲、为所欲为、漫不经心、不尊重社会规范。在职业上倾向于艺术家。', '较强的自制力，较准确的意志力量，较坚定地追求自己的理想，有良好的自我感觉和自我评价，在集体中，可以提出有价值的建议。职业上倾向于大学行政领导、飞行员、科学家、电气技师、警卫、机械师、厨师、物理学家。'),
(16, 5, '因素Q4——紧张性', '因素Q4——紧张性', '[{"min":0,"max":3,"alter":1},\n{"min":4,"max":5,"alter":2},\n{"min":6,"max":7,"alter":3},\n{"min":8,"max":9,"alter":4},\n{"min":10,"max":12,"alter":5},\n{"min":13,"max":14,"alter":6},\n{"min":15,"max":17,"alter":7},\n{"min":18,"max":20,"alter":8},\n{"min":21,"max":22,"alter":9},\n{"min":23,"max":26,"alter":10}]', '5.5', 0, 0, '紧张、有挫折感、经常处于被动局面、神经质、不自然、做作。在集体中很少被选为领导，通常感到不被别人尊重和接受，经常自叹命薄。职业倾向于农业工人、售货员、作家、记者。', '放松、平静、不敏感、有时反应迟钝。很少有挫折感，遇事镇静自若。职业倾向于空中小姐、海员、地理学家、物理学家。'),
(17, 6, 'A乐群性', '因素A', '[{"min":0,"max":1,"alter":1},\n{"min":2,"max":3,"alter":2},\n{"min":4,"max":5,"alter":3},\n{"min":6,"max":6,"alter":4},\n{"min":7,"max":8,"alter":5},\n{"min":9,"max":11,"alter":6},\n{"min":12,"max":13,"alter":7},\n{"min":14,"max":14,"alter":8},\n{"min":15,"max":16,"alter":9},\n{"min":17,"max":20,"alter":10}]', '5.5', 0, 0, '保守、孤僻、严肃、退缩、拘谨、生硬。在职业上倾向于从事富于创造性的工作，如科学家(尤其是物理学家和生物学家)、艺术家、音乐家和作家。', '开朗、热情、随和，易于建立社会联系，在集体中倾向于承担责任和担任领导之职，在职业中容易得到晋升。推销员、企业经理、教师、会计、社会工作者等多具有此种特质。'),
(18, 6, 'B聪慧性', '因素B', '[{"min":0,"max":3,"alter":1},\n{"min":4,"max":4,"alter":2},\n{"min":5,"max":5,"alter":3},\n{"min":6,"max":6,"alter":4},\n{"min":7,"max":7,"alter":5},\n{"min":8,"max":8,"alter":6},\n{"min":9,"max":9,"alter":7},\n{"min":10,"max":10,"alter":8},\n{"min":11,"max":11,"alter":9},\n{"min":12,"max":13,"alter":10}]', '5.5', 0, 0, NULL, NULL),
(19, 6, 'C稳定性', '因素C', '[{"min":0,"max":5,"alter":1},\n{"min":6,"max":7,"alter":2},\n{"min":8,"max":9,"alter":3},\n{"min":10,"max":11,"alter":4},\n{"min":12,"max":13,"alter":5},\n{"min":14,"max":16,"alter":6},\n{"min":17,"max":18,"alter":7},\n{"min":19,"max":20,"alter":8},\n{"min":21,"max":22,"alter":9},\n{"min":23,"max":26,"alter":10}]', '5.5', 1, 1, NULL, NULL),
(20, 6, '因素E', '因素E——影响性', '[{"min":0,"max":2,"alter":1},\n{"min":3,"max":4,"alter":2},\n{"min":5,"max":5,"alter":3},\n{"min":6,"max":7,"alter":4},\n{"min":8,"max":9,"alter":5},\n{"min":10,"max":12,"alter":6},\n{"min":13,"max":14,"alter":7},\n{"min":15,"max":15,"alter":8},\n{"min":16,"max":17,"alter":9},\n{"min":18,"max":26,"alter":10}]', '5.5', 0, 0, '武断、盛气凌人、争强好胜、固执己见。有时表出反传统倾向，不循规蹈矩，在集体活动中有时不遵守纪律。社会接触较广泛。在学校学习期间，学习成绩一般或稍差。在大学期间可能表现出较强的数学能力。创造性和研究能力较强，经商能力稍差。在职业上，倾向于管理人员、艺术家、工程师、心理学家。', '谦卑、温顺、随和、惯于服从。职业选择倾向于咨询顾问、医生、办事员。'),
(21, 6, '因素F', '因素F——活泼性', '[{"min":0,"max":3,"alter":1},\n{"min":4,"max":4,"alter":2},\n{"min":5,"max":6,"alter":3},\n{"min":7,"max":7,"alter":4},\n{"min":8,"max":9,"alter":5},\n{"min":10,"max":12,"alter":6},\n{"min":13,"max":14,"alter":7},\n{"min":15,"max":16,"alter":8},\n{"min":17,"max":18,"alter":9},\n{"min":19,"max":26,"alter":10}]', '5.5', 0, 0, '轻松、愉快、逍遥、放纵，社会联系广泛，在集体中较引人注目。在职业上，倾向于运动员、经商者、空中小姐等', '节制、自律、严肃、沉默寡言。学术活动能力比社会活动能力强一些。职业上倾向于会计、行政人员、教授、科研人员等'),
(22, 6, '因素G——有恒性', '因素G——有恒性', '[{"min":0,"max":5,"alter":1},\n{"min":6,"max":7,"alter":2},\n{"min":8,"max":9,"alter":3},\n{"min":10,"max":10,"alter":4},\n{"min":11,"max":12,"alter":5},\n{"min":13,"max":14,"alter":6},\n{"min":15,"max":16,"alter":7},\n{"min":17,"max":17,"alter":8},\n{"min":18,"max":18,"alter":9},\n{"min":19,"max":20,"alter":10}]', '5.5', 0, 0, '自私、唯利是图、不讲原则、不守规则、不尊重父母、对异性较随便、缺乏社会责任感。在职业上倾向于艺术家、作家、记者等', '真诚、重良心、有毅力、执著、道德感强，孝敬、尊重父母。工作勤奋，睡眠较少，在直接接触的小群体中会自然而然地成为领导性人物。在职业上倾向于会计、百货经营经理等。'),
(23, 6, '因素H——交际性', '因素H——交际性', '[{"min":0,"max":1,"alter":1},\n{"min":2,"max":2,"alter":2},\n{"min":3,"max":3,"alter":3},\n{"min":4,"max":6,"alter":4},\n{"min":7,"max":8,"alter":5},\n{"min":9,"max":11,"alter":6},\n{"min":12,"max":14,"alter":7},\n{"min":15,"max":16,"alter":8},\n{"min":17,"max":19,"alter":9},\n{"min":20,"max":26,"alter":10}]', '5.5', 1, 1, '冒险、不可遏制、在社会行为方面胆大妄为，副交感神经占支配地位。在职业上，倾向于竞技体育运动、音乐工作者等', '害羞、胆怯、易受惊怕。交感神经占支配地位。在职业上，倾向于编辑人员、农业技术人员'),
(24, 6, '因素I——情感性', '因素I——情感性', '[{"min":0,"max":5,"alter":1},\n{"min":6,"max":6,"alter":2},\n{"min":7,"max":8,"alter":3},\n{"min":9,"max":9,"alter":4},\n{"min":10,"max":11,"alter":5},\n{"min":12,"max":13,"alter":6},\n{"min":14,"max":14,"alter":7},\n{"min":15,"max":16,"alter":8},\n{"min":17,"max":17,"alter":9},\n{"min":18,"max":20,"alter":10}]', '5.5', 0, 0, '粗心、自立、现实。喜爱参加体育活动，通常身体较健康；遇事果断、自信。职业上倾向于工程师、电气技师、警察等。', '细心、敏感、依赖性强；遇事优柔寡断，缺乏自信，在职业上倾向于美术工作者、行政人员、社会科学家社会工作者、编辑。'),
(25, 6, '因素L——怀疑性', '因素L——怀疑性', '[{"min":0,"max":3,"alter":1},\n{"min":4,"max":5,"alter":2},\n{"min":6,"max":6,"alter":3},\n{"min":7,"max":8,"alter":4},\n{"min":9,"max":10,"alter":5},\n{"min":11,"max":12,"alter":6},\n{"min":13,"max":13,"alter":7},\n{"min":14,"max":15,"alter":8},\n{"min":16,"max":16,"alter":9},\n{"min":17,"max":20,"alter":10}]', '5.5', 0, 0, '真诚、合作、宽容、容易适应环境，在集体中容易与人形成良好的关系。职业上倾向于会计、炊事员、电气技师、机械师、生物学家、物理学家。', '多疑、戒备，不易受欺骗，易困，多睡眠。在集体中与他人保持距离，缺乏合作精神。职业上倾向于编辑、管理人员、创造性科学研究人员。\n'),
(26, 6, '因素M——想象性', '因素M——想象性', '[{"min":0,"max":5,"alter":1},\n{"min":6,"max":7,"alter":2},\n{"min":8,"max":9,"alter":3},\n{"min":10,"max":11,"alter":4},\n{"min":12,"max":13,"alter":5},\n{"min":14,"max":15,"alter":6},\n{"min":16,"max":17,"alter":7},\n{"min":18,"max":19,"alter":8},\n{"min":20,"max":20,"alter":9},\n{"min":21,"max":26,"alter":10}]', '5.5', 0, 0, '现实、脚踏实地、处事稳妥、具忧患意识、办事认真谨慎。宜从事交通警、机场地勤等。', '富于想象，生活豪放不羁，对事漫不经心，通常在中学毕业后努力争取继续学习而不是早早就业。在集体中不太被人们看重，不修边幅，不重整洁，粗枝大叶。经常变换工作，不易被晋升。具此种特质的人大多属于艺术家。'),
(27, 6, '因素N——世故性', '因素N——世故性', '[{"min":0,"max":2,"alter":1},\n{"min":3,"max":3,"alter":2},\n{"min":4,"max":4,"alter":3},\n{"min":5,"max":6,"alter":4},\n{"min":7,"max":8,"alter":5},\n{"min":9,"max":10,"alter":6},\n{"min":11,"max":11,"alter":7},\n{"min":12,"max":13,"alter":8},\n{"min":14,"max":14,"alter":9},\n{"min":15,"max":20,"alter":10}]', '5.5', 0, 0, '直率、坦诚、不加掩饰、不留情面，有时显得过于刻板，不为社会所接受。在社会中不易取得较高地位。职业上倾向于艺术家、汽车修理工、矿工、厨师、警卫。', '机敏、狡黠、圆滑、世故，人情练达，善于处世。在社会中容易取得较好的地位，善于解决疑难问题，在集体中受到人们的重视。职业上倾向于心理学家、企业家、商人等。'),
(28, 6, '因素O——忧虑性', '因素O——忧虑性', '[{"min":0,"max":2,"alter":1},\n{"min":3,"max":4,"alter":2},\n{"min":5,"max":6,"alter":3},\n{"min":7,"max":8,"alter":4},\n{"min":9,"max":10,"alter":5},\n{"min":11,"max":12,"alter":6},\n{"min":13,"max":14,"alter":7},\n{"min":15,"max":16,"alter":8},\n{"min":17,"max":18,"alter":9},\n{"min":19,"max":26,"alter":10}]', '5.5', 0, 0, '自信、心平气和、坦然、宁静，有时自负、自命不凡、自鸣得意，容易适应环境，知足常乐。职业上倾向于竞技体育运动员、行政人员、物理学家、机械师。', '忧郁、自责、缺乏安全感，焦虑、不安、自扰、杞人忧天。朋友较少，在集体中既无领袖欲望，亦不被推选为领袖。常对环境进行抱怨，牢骚满腹。害羞、不善言\n词、爱哭。职业上倾向于艺术家、农工等。'),
(29, 6, '因素Q1——变革性', '因素Q1——变革性', '[{"min":0,"max":4,"alter":1},\n{"min":5,"max":5,"alter":2},\n{"min":6,"max":7,"alter":3},\n{"min":8,"max":8,"alter":4},\n{"min":9,"max":10,"alter":5},\n{"min":11,"max":12,"alter":6},\n{"min":13,"max":13,"alter":7},\n{"min":14,"max":14,"alter":8},\n{"min":15,"max":15,"alter":9},\n{"min":16,"max":20,"alter":10}]', '5.5', 0, 0, '保守、循规蹈矩、尊重传统。职业倾向于运动员、机械师、军官、音乐家、商人、警察、厨师、保姆。', '好奇、喜欢尝试各种可能性，思想自由、开放、激进，接近进步的政治党派。对宗教活动不够积极，身体较健康，在家庭中较少大男子主义。职业倾向于艺术家、作家、会计、工程师、教授。'),
(30, 6, '因素Q2——独立性', '因素Q2——独立性', '[{"min":0,"max":5,"alter":1},\n{"min":6,"max":7,"alter":2},\n{"min":8,"max":8,"alter":3},\n{"min":9,"max":10,"alter":4},\n{"min":11,"max":12,"alter":5},\n{"min":13,"max":14,"alter":6},\n{"min":15,"max":15,"alter":7},\n{"min":16,"max":17,"alter":8},\n{"min":18,"max":18,"alter":9},\n{"min":19,"max":20,"alter":10}]', '5.5', 0, 0, '依赖性强，缺乏主见，在集体中经常是一个随波逐流的人，对于权威是一个忠实的追随者。职业上倾向于厨师、保姆、护士、社会工作者。', '自信、有主见、足智多谋。遇事勇于自己做主，不依赖他人，不推诿责任。职业上倾向于创造性工作，如艺术家、工程师、科学研究人员、教授、作家。'),
(31, 6, '因素Q3——自律性', '因素Q3——自律性', '[{"min":0,"max":4,"alter":1},\n{"min":5,"max":6,"alter":2},\n{"min":7,"max":8,"alter":3},\n{"min":9,"max":10,"alter":4},\n{"min":11,"max":13,"alter":5},\n{"min":13,"max":15,"alter":6},\n{"min":16,"max":16,"alter":7},\n{"min":17,"max":18,"alter":8},\n{"min":19,"max":19,"alter":9},\n{"min":19,"max":21,"alter":10}]', '5.5', 0, 0, '较强的自制力，较准确的意志力量，较坚定地追求自己的理想，有良好的自我感觉和自我评价，在集体中，可以提出有价值的建议。职业上倾向于大学行政领导、飞行员、科学家、电气技师、警卫、机械师、厨师、物理学家。', '不能自制、不遵守纪律、松懈、随心所欲、为所欲为、漫不经心、不尊重社会规范。在职业上倾向于艺术家。'),
(32, 6, '因素Q4——紧张性', '因素Q4——紧张性', '[{"min":0,"max":2,"alter":1},\n{"min":3,"max":4,"alter":2},\n{"min":5,"max":6,"alter":3},\n{"min":7,"max":8,"alter":4},\n{"min":9,"max":11,"alter":5},\n{"min":12,"max":14,"alter":6},\n{"min":15,"max":16,"alter":7},\n{"min":17,"max":19,"alter":8},\n{"min":20,"max":21,"alter":9},\n{"min":22,"max":26,"alter":10}]', '5.5', 0, 0, '放松、平静、不敏感、有时反应迟钝。很少有挫折感，遇事镇静自若。职业倾向于空中小姐、海员、地理学家、物理学家。', '紧张、有挫折感、经常处于被动局面、神经质、不自然、做作。在集体中很少被选为领导，通常感到不被别人尊重和接受，经常自叹命薄。职业倾向于农业工人、售货员、作家、记者。'),
(33, 7, '状态焦虑(S-AI)', '特质焦虑问卷(S-AI)', NULL, '46.6', 1, 1, '状态焦虑(S-AI)获得高分。', '状态焦虑(S-AI)获得低分。'),
(34, 7, '特质焦虑(T-AI)', '特质焦虑问卷(T-AI)', NULL, '49', 1, 1, '特质焦虑(T-AI)低分', '特质焦虑(T-AI)高分'),
(35, 8, '冲动行为', '冲动行为', NULL, '3', 0, 1, '冲动行为维度获得低分', '冲动行为维度获得高分'),
(36, 8, '疲劳驾驶和故意违规行为', '疲劳驾驶和故意违规行为', NULL, '3', 0, 1, '疲劳驾驶和故意违规行为获得低分', '疲劳驾驶和故意违规行为获得高分'),
(37, 8, '失误行为', '失误行为', NULL, '3', 0, 1, '失误行为获得低分', '失误行为获得高分'),
(38, 9, '安全驾驶态度', '安全驾驶态度', NULL, '3', 0, 1, '安全驾驶态度获得低分', '安全驾驶态度获得高分'),
(39, 9, '饮酒驾驶态度', '饮酒驾驶态度', NULL, '3', 0, 1, '饮酒驾驶态度获得低分', '饮酒驾驶态度获得高分'),
(40, 9, '交通规则态度', '交通规则态度', NULL, '3', 0, 1, '交通规则态度获得低分', '交通规则态度获得高分'),
(41, 9, '超速驾驶', '超速驾驶', NULL, '3', 0, 1, '超速驾驶获得低分', '超速驾驶获得高分'),
(42, 9, '疲劳驾驶', '疲劳驾驶', NULL, '3', 0, 1, '疲劳驾驶获得低分', '疲劳驾驶获得高分'),
(43, 9, '生命态度', '生命态度', NULL, '3', 0, 1, '生命态度获得低分', '生命态度获得高分');

-- --------------------------------------------------------

--
-- 表的结构 `gauge`
--

CREATE TABLE IF NOT EXISTS `gauge` (
  `gid` int(11) NOT NULL AUTO_INCREMENT,
  `is_average` tinyint(1) NOT NULL DEFAULT '0',
  `description` varchar(200) COLLATE utf8_bin DEFAULT NULL,
  `is_display` tinyint(1) NOT NULL DEFAULT '0',
  `gauge_name` varchar(100) COLLATE utf8_bin NOT NULL,
  `introduction` varchar(1500) COLLATE utf8_bin DEFAULT NULL,
  `peroration` varchar(1500) COLLATE utf8_bin DEFAULT NULL,
  `time_limit` int(5) NOT NULL DEFAULT '0',
  `sex` int(11) NOT NULL DEFAULT '0',
  `manual` int(1) NOT NULL DEFAULT '1',
  PRIMARY KEY (`gid`),
  UNIQUE KEY `gauge_name` (`gauge_name`)
) ENGINE=InnoDB  DEFAULT CHARSET=utf8 COLLATE=utf8_bin AUTO_INCREMENT=11 ;

--
-- 转存表中的数据 `gauge`
--

INSERT INTO `gauge` (`gid`, `is_average`, `description`, `is_display`, `gauge_name`, `introduction`, `peroration`, `time_limit`, `sex`, `manual`) VALUES
(1, 0, '仪器测试数据，无需作答。', 1, '速度知觉', '仪器测试数据，无需作答。', '仪器测试数据，无需作答。', 0, 0, 0),
(2, 0, '仪器测试数据，无需作答', 1, '反应时测试', '仪器测试数据，无需作答', '仪器测试数据，无需作答', 0, 0, 0),
(3, 0, '仪器测试数据，无需作答', 1, '深度知觉测试', '仪器测试数据，无需作答', '仪器测试数据，无需作答', 0, 0, 0),
(4, 0, '仪器测试数据，无需作答', 1, '双手调节器实验', '仪器测试数据，无需作答', '仪器测试数据，无需作答', 0, 0, 0),
(5, 0, '性格影响着一个人的职业取向，由于性格的不同，每个人对工作和职业的态度也是不同的。一定的性格必然适合从事一定的职业。关于性格的测量表有很多，其中16PF是最著名而有效的。', 0, '卡特尔16PF性格测试（男性专用）', '16PF适用于16岁以上的青年人及成年人。经我国有关专家试用认为，16PF有较高信度和效度，最高信度达0．92(忧虑性因素)；效度方面，测验结果表明各因素之间的相关系数较低。', '16PF适用于16岁以上的青年人及成年人。经我国有关专家试用认为，16PF有较高信度和效度，最高信度达0．92(忧虑性因素)；效度方面，测验结果表明各因素之间的相关系数较低。', 30, 1, 1),
(6, 0, '性格影响着一个人的职业取向，由于性格的不同，每个人对工作和职业的态度也是不同的。一定的性格必然适合从事一定的职业。关于性格的测量表有很多，其中16PF是最著名而有效的。', 0, '卡特尔16PF性格测试（女性专用）', '卡特尔16种个性因素测验(16PF)，是美国伊利诺州立大学个性及能力测验研究所的卡特尔教授于1949年编制的，后几经修订，形成若干版本。16PF适用于16岁以上的青年人及成年人。经我国有关专家试用认为，16PF有较高信度和效度，最高信度达0．92(忧虑性因素)；效度方面，测验结果表明各因素之间的相关系数较低。', '卡特尔16种个性因素测验(16PF)，是美国伊利诺州立大学个性及能力测验研究所的卡特尔教授于1949年编制的，后几经修订，形成若干版本。16PF适用于16岁以上的青年人及成年人。经我国有关专家试用认为，16PF有较高信度和效度，最高信度达0．92(忧虑性因素)；效度方面，测验结果表明各因素之间的相关系数较低。', 30, 2, 1),
(7, 1, '请仔细阅读每一道题根据自己实际情况进行作答：（从每一题后4个答案中选出最适合你的一个），在作答过程中不得漏题，同时在同一题上不要斟酌太多时间根据你看完题后的第一反应作答。有些题目可能与你不否或你从未思考过，如有这种情况请选择一个你个人倾向的答案。', 0, '状态焦虑问卷(STAI)', '请仔细阅读每一道题根据自己实际情况进行作答：（从每一题后4个答案中选出最适合你的一个），在作答过程中不得漏题，同时在同一题上不要斟酌太多时间根据你看完题后的第一反应作答。有些题目可能与你不否或你从未思考过，如有这种情况请选择一个你个人倾向的答案。', '请仔细阅读每一道题根据自己实际情况进行作答：（从每一题后4个答案中选出最适合你的一个），在作答过程中不得漏题，同时在同一题上不要斟酌太多时间根据你看完题后的第一反应作答。有些题目可能与你不否或你从未思考过，如有这种情况请选择一个你个人倾向的答案。', 0, 0, 1),
(8, 0, '请根据您的实际情况作答。', 0, '汽车驾驶员安全驾驶行为问卷', '请根据您的实际情况作答。', '请根据您的实际情况作答。', 0, 0, 1),
(9, 0, '请根据实际情况作答', 0, '汽车驾驶员安全驾驶态度问卷', '请根据实际情况作答', '请根据实际情况作答', 0, 0, 1);

-- --------------------------------------------------------

--
-- 表的结构 `questions`
--

CREATE TABLE IF NOT EXISTS `questions` (
  `qid` int(11) NOT NULL AUTO_INCREMENT,
  `gid` int(11) NOT NULL,
  `dimension_id` int(3) NOT NULL,
  `sequence` int(3) NOT NULL,
  `content` varchar(150) COLLATE utf8_bin NOT NULL,
  `choices` text COLLATE utf8_bin NOT NULL,
  `single` int(1) NOT NULL DEFAULT '1',
  PRIMARY KEY (`qid`),
  KEY `gid` (`gid`)
) ENGINE=InnoDB  DEFAULT CHARSET=utf8 COLLATE=utf8_bin AUTO_INCREMENT=627 ;

--
-- 转存表中的数据 `questions`
--

INSERT INTO `questions` (`qid`, `gid`, `dimension_id`, `sequence`, `content`, `choices`, `single`) VALUES
(1, 5, 1, 3, '有度假机会时，我宁愿', 'a:3:{i:0;a:2:{s:6:"answer";s:26:"A.去一个繁华的都市";s:6:"weight";s:1:"2";}i:1;a:2:{s:6:"answer";s:31:"B.介于（A）与（C）之间";s:6:"weight";s:1:"1";}i:2;a:2:{s:6:"answer";s:32:"C.闲居清静而偏僻的郊区";s:6:"weight";s:1:"0";}}', 1),
(2, 5, 1, 26, '在工厂中，我宁愿负责', 'a:3:{i:0;a:2:{s:6:"answer";s:37:"A.去一个繁华的都市A.机械组";s:6:"weight";s:1:"0";}i:1;a:2:{s:6:"answer";s:32:"B. 介于（A）与（C）之间";s:6:"weight";s:1:"1";}i:2;a:2:{s:6:"answer";s:11:"C.人事组";s:6:"weight";s:1:"2";}}', 1),
(3, 5, 1, 27, '在阅读时，我宁愿选读', 'a:3:{i:0;a:2:{s:6:"answer";s:14:"A.太空旅行";s:6:"weight";s:1:"0";}i:1;a:2:{s:6:"answer";s:14:"B.不太确定";s:6:"weight";s:1:"1";}i:2;a:2:{s:6:"answer";s:14:"C.家庭教育";s:6:"weight";s:1:"2";}}', 1),
(4, 5, 1, 51, '我宁愿是一个', 'a:3:{i:0;a:2:{s:6:"answer";s:17:"A.森林保管员";s:6:"weight";s:1:"0";}i:1;a:2:{s:6:"answer";s:11:"B.不一定";s:6:"weight";s:1:"1";}i:2;a:2:{s:6:"answer";s:17:"C.中小学教员";s:6:"weight";s:1:"2";}}', 1),
(5, 5, 1, 52, '每逢年节或亲友生日，我', 'a:3:{i:0;a:2:{s:6:"answer";s:26:"A.喜欢互相赠送礼物";s:6:"weight";s:1:"2";}i:1;a:2:{s:6:"answer";s:14:"B.不太确定";s:6:"weight";s:1:"1";}i:2;a:2:{s:6:"answer";s:35:"C.觉得交换礼物是麻烦多事";s:6:"weight";s:1:"0";}}', 1),
(6, 5, 2, 53, '下列数字中，哪个数字与其他两个数字属于不同类别', 'a:3:{i:0;a:2:{s:6:"answer";s:3:"A.5";s:6:"weight";s:1:"0";}i:1;a:2:{s:6:"answer";s:3:"B.2";s:6:"weight";s:1:"1";}i:2;a:2:{s:6:"answer";s:3:"C.7";s:6:"weight";s:1:"0";}}', 1),
(7, 5, 1, 76, '如果薪资待遇相等，我宁愿做', 'a:3:{i:0;a:2:{s:6:"answer";s:23:"A.一个化学研究师";s:6:"weight";s:1:"0";}i:1;a:2:{s:6:"answer";s:11:"B.不确定";s:6:"weight";s:1:"1";}i:2;a:2:{s:6:"answer";s:17:"C.旅行社经理";s:6:"weight";s:1:"2";}}', 1),
(8, 5, 1, 101, '我更愿意做一名', 'a:3:{i:0;a:2:{s:6:"answer";s:11:"A.列车员";s:6:"weight";s:1:"2";}i:1;a:2:{s:6:"answer";s:11:"B.不确定";s:6:"weight";s:1:"1";}i:2;a:2:{s:6:"answer";s:11:"C.制图师";s:6:"weight";s:1:"0";}}', 1),
(9, 5, 1, 126, '如果薪资待遇相等，我宁愿做一个', 'a:3:{i:0;a:2:{s:6:"answer";s:8:"A.律师";s:6:"weight";s:1:"2";}i:1;a:2:{s:6:"answer";s:11:"B.不确定";s:6:"weight";s:1:"1";}i:2;a:2:{s:6:"answer";s:23:"C.飞行员或航海员";s:6:"weight";s:1:"0";}}', 1),
(10, 5, 1, 151, '为了培养个人的兴趣，我愿意参加', 'a:3:{i:0;a:2:{s:6:"answer";s:11:"A.摄影组";s:6:"weight";s:1:"0";}i:1;a:2:{s:6:"answer";s:11:"B.不确定";s:6:"weight";s:1:"1";}i:2;a:2:{s:6:"answer";s:11:"C.辨论会";s:6:"weight";s:1:"2";}}', 1),
(11, 5, 1, 176, '我宁愿', 'a:3:{i:0;a:2:{s:6:"answer";s:26:"A.负责带领儿童游戏";s:6:"weight";s:1:"2";}i:1;a:2:{s:6:"answer";s:11:"B.不确定";s:6:"weight";s:1:"1";}i:2;a:2:{s:6:"answer";s:20:"C.协助钟表修理";s:6:"weight";s:1:"0";}}', 1),
(12, 5, 2, 28, '下列三个字中哪个字与其他两个字属于不同类别', 'a:3:{i:0;a:2:{s:6:"answer";s:5:"A.狗";s:6:"weight";s:1:"0";}i:1;a:2:{s:6:"answer";s:5:"B.石";s:6:"weight";s:1:"1";}i:2;a:2:{s:6:"answer";s:5:"C.牛";s:6:"weight";s:1:"0";}}', 1),
(13, 5, 2, 54, '“猫”与“鱼”就如同“牛”与', 'a:3:{i:0;a:2:{s:6:"answer";s:8:"A.牛乳";s:6:"weight";s:1:"0";}i:1;a:2:{s:6:"answer";s:8:"B.牧草";s:6:"weight";s:1:"1";}i:2;a:2:{s:6:"answer";s:5:"C.盐";s:6:"weight";s:1:"0";}}', 1),
(14, 5, 2, 77, '“惊讶”与“新奇”犹如“惧怕”与', 'a:3:{i:0;a:2:{s:6:"answer";s:8:"A.勇敢";s:6:"weight";s:1:"0";}i:1;a:2:{s:6:"answer";s:8:"B.焦虑";s:6:"weight";s:1:"0";}i:2;a:2:{s:6:"answer";s:8:"C.恐怖";s:6:"weight";s:1:"1";}}', 1),
(15, 5, 2, 78, '下列三个分数中，哪一个与其他两个属不同类别？', 'a:3:{i:0;a:2:{s:6:"answer";s:5:"A.3/7";s:6:"weight";s:1:"0";}i:1;a:2:{s:6:"answer";s:5:"B.3/9";s:6:"weight";s:1:"1";}i:2;a:2:{s:6:"answer";s:6:"C.3/11";s:6:"weight";s:1:"0";}}', 1),
(16, 5, 2, 102, '“理不胜辞”的意思是', 'a:3:{i:0;a:2:{s:6:"answer";s:14:"A.理不如辞";s:6:"weight";s:1:"0";}i:1;a:2:{s:6:"answer";s:17:"B.理多而辞寡";s:6:"weight";s:1:"0";}i:2;a:2:{s:6:"answer";s:29:"C.辞藻丰富而理由不足";s:6:"weight";s:1:"1";}}', 1),
(17, 5, 2, 103, '“锄头”与“挖掘”犹如“刀子”与', 'a:3:{i:0;a:2:{s:6:"answer";s:8:"A.雕刻";s:6:"weight";s:1:"0";}i:1;a:2:{s:6:"answer";s:8:"B.切割";s:6:"weight";s:1:"1";}i:2;a:2:{s:6:"answer";s:8:"C.铲除";s:6:"weight";s:1:"0";}}', 1),
(18, 5, 2, 127, '时间永恒是比喻', 'a:3:{i:0;a:2:{s:6:"answer";s:20:"A.时间过得很慢";s:6:"weight";s:1:"0";}i:1;a:2:{s:6:"answer";s:14:"B.忘了时间";s:6:"weight";s:1:"0";}i:2;a:2:{s:6:"answer";s:23:"C.光阴一去不复返";s:6:"weight";s:1:"1";}}', 1),
(19, 5, 2, 128, '下列三项记号中，哪一项应紧接：╳〇〇〇〇╳╳〇〇〇╳╳╳', 'a:3:{i:0;a:2:{s:6:"answer";s:11:"A.╳〇╳";s:6:"weight";s:1:"0";}i:1;a:2:{s:6:"answer";s:11:"B.〇〇╳";s:6:"weight";s:1:"1";}i:2;a:2:{s:6:"answer";s:11:"C.〇╳╳";s:6:"weight";s:1:"0";}}', 1),
(20, 5, 2, 152, '星火和燎原对等于姑息和', 'a:3:{i:0;a:2:{s:6:"answer";s:8:"A.同情";s:6:"weight";s:1:"0";}i:1;a:2:{s:6:"answer";s:8:"B.养奸";s:6:"weight";s:1:"1";}i:2;a:2:{s:6:"answer";s:8:"C.纵容";s:6:"weight";s:1:"0";}}', 1),
(21, 5, 2, 153, '“钟表”与“时间”犹如“裁缝”与', 'a:3:{i:0;a:2:{s:6:"answer";s:8:"A.西装";s:6:"weight";s:1:"0";}i:1;a:2:{s:6:"answer";s:8:"B.剪刀";s:6:"weight";s:1:"0";}i:2;a:2:{s:6:"answer";s:8:"C.布料";s:6:"weight";s:1:"1";}}', 1),
(22, 5, 2, 177, '“一人（ ）事，众人受累”，我对这句话的反应是', 'a:3:{i:0;a:2:{s:6:"answer";s:5:"A.愤";s:6:"weight";s:1:"1";}i:1;a:2:{s:6:"answer";s:5:"B.偾";s:6:"weight";s:1:"0";}i:2;a:2:{s:6:"answer";s:5:"C.喷";s:6:"weight";s:1:"0";}}', 1),
(23, 5, 2, 178, '望子成龙的家长往往( )苗助长', 'a:3:{i:0;a:2:{s:6:"answer";s:5:"A.揠";s:6:"weight";s:1:"1";}i:1;a:2:{s:6:"answer";s:5:"B.堰";s:6:"weight";s:1:"0";}i:2;a:2:{s:6:"answer";s:5:"C.偃";s:6:"weight";s:1:"0";}}', 1),
(24, 5, 2, 180, '因为我对于一切问题都有些见解，大家都公认我是个富有思想的人', 'a:3:{i:0;a:2:{s:6:"answer";s:8:"A.是的";s:6:"weight";s:1:"0";}i:1;a:2:{s:6:"answer";s:32:"B. 介于（A）与（C）之间";s:6:"weight";s:1:"0";}i:2;a:2:{s:6:"answer";s:11:"C.不是的";s:6:"weight";s:1:"0";}}', 1),
(25, 5, 3, 4, '我有足够的能力应付困难', 'a:3:{i:0;a:2:{s:6:"answer";s:8:"A.是的";s:6:"weight";s:1:"2";}i:1;a:2:{s:6:"answer";s:11:"B.不一定";s:6:"weight";s:1:"1";}i:2;a:2:{s:6:"answer";s:11:"C.不是的";s:6:"weight";s:1:"0";}}', 1),
(26, 5, 3, 5, '即使是关在铁笼内的猛兽也会使我见了惴惴不安', 'a:3:{i:0;a:2:{s:6:"answer";s:8:"A.是的";s:6:"weight";s:1:"0";}i:1;a:2:{s:6:"answer";s:11:"B.不一定";s:6:"weight";s:1:"1";}i:2;a:2:{s:6:"answer";s:11:"C.不是的";s:6:"weight";s:1:"2";}}', 1),
(27, 5, 3, 29, '如果我能重新做人，我要', 'a:3:{i:0;a:2:{s:6:"answer";s:35:"A.把生活安排得和以前不同";s:6:"weight";s:1:"0";}i:1;a:2:{s:6:"answer";s:11:"B.不确定";s:6:"weight";s:1:"1";}i:2;a:2:{s:6:"answer";s:26:"C.生活得和以前相仿";s:6:"weight";s:1:"2";}}', 1),
(28, 5, 3, 30, '在我一生之中，我总能达到我所预期的目标', 'a:3:{i:0;a:2:{s:6:"answer";s:8:"A.是的";s:6:"weight";s:1:"0";}i:1;a:2:{s:6:"answer";s:11:"B.不一定";s:6:"weight";s:1:"1";}i:2;a:2:{s:6:"answer";s:11:"C.不是的";s:6:"weight";s:1:"2";}}', 1),
(29, 5, 4, 31, '当我说谎时，我总觉内心不安，不敢正视对方', 'a:3:{i:0;a:2:{s:6:"answer";s:8:"A.是的";s:6:"weight";s:1:"0";}i:1;a:2:{s:6:"answer";s:11:"B.不一定";s:6:"weight";s:1:"1";}i:2;a:2:{s:6:"answer";s:11:"C.不是的";s:6:"weight";s:1:"2";}}', 1),
(30, 5, 3, 55, '在为人处事的各个方面，我的父母很值得敬佩', 'a:3:{i:0;a:2:{s:6:"answer";s:8:"A.是的";s:6:"weight";s:1:"2";}i:1;a:2:{s:6:"answer";s:11:"B.不一定";s:6:"weight";s:1:"1";}i:2;a:2:{s:6:"answer";s:11:"C.不是的";s:6:"weight";s:1:"0";}}', 1),
(31, 5, 3, 79, '不知什么缘故，有些人故意回避或冷淡我', 'a:3:{i:0;a:2:{s:6:"answer";s:8:"A.是的";s:6:"weight";s:1:"0";}i:1;a:2:{s:6:"answer";s:11:"B.不一定";s:6:"weight";s:1:"1";}i:2;a:2:{s:6:"answer";s:11:"C.不是的";s:6:"weight";s:1:"2";}}', 1),
(32, 5, 3, 80, '我虽善意待人，却得不到好报', 'a:3:{i:0;a:2:{s:6:"answer";s:8:"A.是的";s:6:"weight";s:1:"0";}i:1;a:2:{s:6:"answer";s:11:"B.不一定";s:6:"weight";s:1:"1";}i:2;a:2:{s:6:"answer";s:11:"C.不是的";s:6:"weight";s:1:"2";}}', 1),
(33, 5, 3, 104, '我常横过街道，以回避我不愿意招呼的人', 'a:3:{i:0;a:2:{s:6:"answer";s:14:"A.很少如此";s:6:"weight";s:1:"2";}i:1;a:2:{s:6:"answer";s:14:"A.很少如此";s:6:"weight";s:1:"1";}i:2;a:2:{s:6:"answer";s:14:"C.有时如此";s:6:"weight";s:1:"0";}}', 1),
(34, 5, 3, 105, '在我倾听音乐时，如果人家高谈阔论', 'a:3:{i:0;a:2:{s:6:"answer";s:44:"A.我仍然能够专心倾听，不受影响";s:6:"weight";s:1:"2";}i:1;a:2:{s:6:"answer";s:32:"B. 介于（A）与（C）之间";s:6:"weight";s:1:"1";}i:2;a:2:{s:6:"answer";s:47:"C.我会因为不能专心欣赏而感到恼怒";s:6:"weight";s:1:"0";}}', 1),
(35, 5, 3, 129, '在陌生的地方，我仍能清楚地辨别东西南北的方向', 'a:3:{i:0;a:2:{s:6:"answer";s:8:"A.是的";s:6:"weight";s:1:"2";}i:1;a:2:{s:6:"answer";s:32:"B. 介于（A）与（C）之间";s:6:"weight";s:1:"1";}i:2;a:2:{s:6:"answer";s:11:"C.不是的";s:6:"weight";s:1:"0";}}', 1),
(36, 5, 3, 130, '我的确比一般人幸运，因为我能从事自己乐意从事的工作', 'a:3:{i:0;a:2:{s:6:"answer";s:8:"A.是的";s:6:"weight";s:1:"2";}i:1;a:2:{s:6:"answer";s:11:"B.不一定";s:6:"weight";s:1:"1";}i:2;a:2:{s:6:"answer";s:11:"C.不是的";s:6:"weight";s:1:"0";}}', 1),
(37, 5, 3, 154, '生动的梦境常常滋扰我的睡眠', 'a:3:{i:0;a:2:{s:6:"answer";s:14:"A.时常如此";s:6:"weight";s:1:"0";}i:1;a:2:{s:6:"answer";s:14:"B.偶然如此";s:6:"weight";s:1:"1";}i:2;a:2:{s:6:"answer";s:14:"C.从未如此";s:6:"weight";s:1:"2";}}', 1),
(38, 5, 3, 179, '气候的转变并不影响我的情绪', 'a:3:{i:0;a:2:{s:6:"answer";s:8:"A.是的";s:6:"weight";s:1:"2";}i:1;a:2:{s:6:"answer";s:32:"B. 介于（A）与（C）之间";s:6:"weight";s:1:"1";}i:2;a:2:{s:6:"answer";s:11:"C.不是的";s:6:"weight";s:1:"0";}}', 1),
(39, 5, 4, 6, '我总避免批评别人的言行', 'a:3:{i:0;a:2:{s:6:"answer";s:8:"A.是的";s:6:"weight";s:1:"0";}i:1;a:2:{s:6:"answer";s:14:"B.有时如此";s:6:"weight";s:1:"1";}i:2;a:2:{s:6:"answer";s:11:"C.不是的";s:6:"weight";s:1:"2";}}', 1),
(40, 5, 4, 7, '我的思想似乎', 'a:3:{i:0;a:2:{s:6:"answer";s:26:"A.走在了时代的前面";s:6:"weight";s:1:"2";}i:1;a:2:{s:6:"answer";s:14:"B.不太确定";s:6:"weight";s:1:"1";}i:2;a:2:{s:6:"answer";s:17:"C.正符合时代";s:6:"weight";s:1:"0";}}', 1),
(41, 5, 4, 32, '假如我手持一支装有子弹的手枪，我必须取出子弹后才能安心', 'a:3:{i:0;a:2:{s:6:"answer";s:8:"A.是的";s:6:"weight";s:1:"0";}i:1;a:2:{s:6:"answer";s:32:"B. 介于（A）与（C）之间";s:6:"weight";s:1:"1";}i:2;a:2:{s:6:"answer";s:11:"C.不是的";s:6:"weight";s:1:"2";}}', 1),
(42, 5, 4, 56, '我觉得我有一些别人所不及的优良品质', 'a:3:{i:0;a:2:{s:6:"answer";s:8:"A.是的";s:6:"weight";s:1:"2";}i:1;a:2:{s:6:"answer";s:11:"B.不一定";s:6:"weight";s:1:"1";}i:2;a:2:{s:6:"answer";s:11:"C.不是的";s:6:"weight";s:1:"0";}}', 1),
(43, 5, 4, 57, '只要有利于大家，尽管别人认为卑贱的工作，我也乐而为之', 'a:3:{i:0;a:2:{s:6:"answer";s:8:"A.是的";s:6:"weight";s:1:"0";}i:1;a:2:{s:6:"answer";s:14:"B.不太确定";s:6:"weight";s:1:"1";}i:2;a:2:{s:6:"answer";s:11:"C.不是的";s:6:"weight";s:1:"2";}}', 1),
(44, 5, 4, 81, '我不喜欢那些夜郎自大，目空一切的人', 'a:3:{i:0;a:2:{s:6:"answer";s:8:"A.是的";s:6:"weight";s:1:"0";}i:1;a:2:{s:6:"answer";s:32:"B. 介于（A）与（C）之间";s:6:"weight";s:1:"1";}i:2;a:2:{s:6:"answer";s:11:"C.不是的";s:6:"weight";s:1:"2";}}', 1),
(45, 5, 4, 106, '在课堂上，如果我的意见与老师不同，我常', 'a:3:{i:0;a:2:{s:6:"answer";s:14:"A.保持缄默";s:6:"weight";s:1:"0";}i:1;a:2:{s:6:"answer";s:11:"B.不一定";s:6:"weight";s:1:"1";}i:2;a:2:{s:6:"answer";s:20:"C.当场表明立场";s:6:"weight";s:1:"2";}}', 1),
(46, 5, 4, 131, '如果我急于想借用别人的东西而物主恰又不在，我认为不告而取亦无大碍', 'a:3:{i:0;a:2:{s:6:"answer";s:8:"A.是的";s:6:"weight";s:1:"2";}i:1;a:2:{s:6:"answer";s:32:"B. 介于（A）与（C）之间";s:6:"weight";s:1:"1";}i:2;a:2:{s:6:"answer";s:11:"C.不是的";s:6:"weight";s:1:"0";}}', 1),
(47, 5, 4, 155, '我过去曾撕毁一些限制人们自由的布告', 'a:3:{i:0;a:2:{s:6:"answer";s:8:"A.是的";s:6:"weight";s:1:"2";}i:1;a:2:{s:6:"answer";s:32:"B. 介于（A）与（C）之间";s:6:"weight";s:1:"1";}i:2;a:2:{s:6:"answer";s:11:"C.不是的";s:6:"weight";s:1:"0";}}', 1),
(48, 5, 4, 156, '在一个陌生的城市中，我会', 'a:3:{i:0;a:2:{s:6:"answer";s:14:"A.到处闲逛";s:6:"weight";s:1:"2";}i:1;a:2:{s:6:"answer";s:11:"B.不确定";s:6:"weight";s:1:"1";}i:2;a:2:{s:6:"answer";s:32:"C.避免去较不安全的地方";s:6:"weight";s:1:"0";}}', 1),
(49, 5, 4, 180, '因为我对于一切问题都有些见解，大家都公认我是个富有思想的人', 'a:3:{i:0;a:2:{s:6:"answer";s:8:"A.是的";s:6:"weight";s:1:"2";}i:1;a:2:{s:6:"answer";s:32:"B. 介于（A）与（C）之间";s:6:"weight";s:1:"1";}i:2;a:2:{s:6:"answer";s:11:"C.不是的";s:6:"weight";s:1:"0";}}', 1),
(50, 5, 4, 181, '我讲话的声音', 'a:3:{i:0;a:2:{s:6:"answer";s:8:"A.宏亮";s:6:"weight";s:1:"2";}i:1;a:2:{s:6:"answer";s:32:"B. 介于（A）与（C）之间";s:6:"weight";s:1:"1";}i:2;a:2:{s:6:"answer";s:8:"C.低沉";s:6:"weight";s:1:"0";}}', 1),
(51, 5, 5, 8, '我不擅长说笑话讲趣事', 'a:3:{i:0;a:2:{s:6:"answer";s:8:"A.是的";s:6:"weight";s:1:"0";}i:1;a:2:{s:6:"answer";s:33:"B. 介于（A）与（C）之间 ";s:6:"weight";s:1:"1";}i:2;a:2:{s:6:"answer";s:11:"C.不是的";s:6:"weight";s:1:"2";}}', 1),
(52, 5, 5, 33, '朋友们大都认为我是一个说话风趣的人', 'a:3:{i:0;a:2:{s:6:"answer";s:8:"A.是的";s:6:"weight";s:1:"2";}i:1;a:2:{s:6:"answer";s:11:"B.不一定";s:6:"weight";s:1:"1";}i:2;a:2:{s:6:"answer";s:11:"C.不是的";s:6:"weight";s:1:"0";}}', 1),
(53, 5, 5, 58, '我喜欢看电影或参加其他娱乐活动', 'a:3:{i:0;a:2:{s:6:"answer";s:37:"A.每周一次以上(比一般人多)";s:6:"weight";s:1:"2";}i:1;a:2:{s:6:"answer";s:34:"B.每周一次(与通常人相似)";s:6:"weight";s:1:"1";}i:2;a:2:{s:6:"answer";s:31:"C.偶然一次(比通常人少)";s:6:"weight";s:1:"0";}}', 1),
(54, 5, 5, 82, '和一般人相比，我的朋友的确太少', 'a:3:{i:0;a:2:{s:6:"answer";s:8:"A.是的";s:6:"weight";s:1:"0";}i:1;a:2:{s:6:"answer";s:32:"B. 介于（A）与（C）之间";s:6:"weight";s:1:"1";}i:2;a:2:{s:6:"answer";s:11:"C.不是的";s:6:"weight";s:1:"2";}}', 1),
(55, 5, 5, 83, '除非迫不得已，我才参加社交集会，否则我总设法回避', 'a:3:{i:0;a:2:{s:6:"answer";s:8:"A.是的";s:6:"weight";s:1:"0";}i:1;a:2:{s:6:"answer";s:11:"B.不一定";s:6:"weight";s:1:"1";}i:2;a:2:{s:6:"answer";s:11:"C.不是的";s:6:"weight";s:1:"2";}}', 1),
(56, 5, 5, 107, '我和异性朋友交谈时，竭力避免涉及有关性的话题', 'a:3:{i:0;a:2:{s:6:"answer";s:8:"A.是的";s:6:"weight";s:1:"0";}i:1;a:2:{s:6:"answer";s:32:"B. 介于（A）与（C）之间";s:6:"weight";s:1:"1";}i:2;a:2:{s:6:"answer";s:11:"C.不是的";s:6:"weight";s:1:"2";}}', 1),
(57, 5, 5, 108, '我待人接物的确不太成功', 'a:3:{i:0;a:2:{s:6:"answer";s:8:"A.是的";s:6:"weight";s:1:"0";}i:1;a:2:{s:6:"answer";s:11:"B.不尽然";s:6:"weight";s:1:"1";}i:2;a:2:{s:6:"answer";s:11:"C.不是的";s:6:"weight";s:1:"2";}}', 1),
(58, 5, 5, 132, '我喜欢向友人讲述一些已往有趣的社交经验', 'a:3:{i:0;a:2:{s:6:"answer";s:8:"A.是的";s:6:"weight";s:1:"2";}i:1;a:2:{s:6:"answer";s:33:"B. 介于（A）与（C）之间 ";s:6:"weight";s:1:"1";}i:2;a:2:{s:6:"answer";s:11:"C.不是的";s:6:"weight";s:1:"0";}}', 1),
(59, 5, 5, 133, '我更愿意做一名', 'a:3:{i:0;a:2:{s:6:"answer";s:8:"A.演员";s:6:"weight";s:1:"2";}i:1;a:2:{s:6:"answer";s:11:"B.不确定";s:6:"weight";s:1:"1";}i:2;a:2:{s:6:"answer";s:11:"C.建筑师";s:6:"weight";s:1:"0";}}', 1),
(60, 5, 5, 157, '我宁愿服饰素洁大方，而不愿争奇斗艳惹人注目', 'a:3:{i:0;a:2:{s:6:"answer";s:8:"A.是的";s:6:"weight";s:1:"0";}i:1;a:2:{s:6:"answer";s:14:"B.不太确定";s:6:"weight";s:1:"1";}i:2;a:2:{s:6:"answer";s:11:"C.不是的";s:6:"weight";s:1:"2";}}', 1),
(61, 5, 5, 158, '黄昏时，安静的娱乐远胜过热闹的宴会', 'a:3:{i:0;a:2:{s:6:"answer";s:8:"A.是的";s:6:"weight";s:1:"0";}i:1;a:2:{s:6:"answer";s:14:"B.不太确定";s:6:"weight";s:1:"1";}i:2;a:2:{s:6:"answer";s:11:"C.不是的";s:6:"weight";s:1:"2";}}', 1),
(62, 5, 5, 182, '人们公认我是一个活跃热情的人', 'a:3:{i:0;a:2:{s:6:"answer";s:8:"A.是的";s:6:"weight";s:1:"2";}i:1;a:2:{s:6:"answer";s:32:"B. 介于（A）与（C）之间";s:6:"weight";s:1:"1";}i:2;a:2:{s:6:"answer";s:11:"C.不是的";s:6:"weight";s:1:"0";}}', 1),
(63, 5, 5, 183, '我喜欢有旅行和变动机会的工作，而不计较工作本身之是否有保障', 'a:3:{i:0;a:2:{s:6:"answer";s:8:"A.是的";s:6:"weight";s:1:"2";}i:1;a:2:{s:6:"answer";s:32:"B. 介于（A）与（C）之间";s:6:"weight";s:1:"1";}i:2;a:2:{s:6:"answer";s:11:"C.不是的";s:6:"weight";s:1:"0";}}', 1),
(64, 5, 6, 9, '当我看到亲友邻居争执时，我总是', 'a:3:{i:0;a:2:{s:6:"answer";s:20:"A.任其自己解决";s:6:"weight";s:1:"0";}i:1;a:2:{s:6:"answer";s:32:"B. 介于（A）与（C）之间";s:6:"weight";s:1:"1";}i:2;a:2:{s:6:"answer";s:14:"C.予以劝解";s:6:"weight";s:1:"2";}}', 1),
(65, 5, 6, 34, '如果人们知道我的内心世界，他们都会感到惊讶', 'a:3:{i:0;a:2:{s:6:"answer";s:8:"A.是的";s:6:"weight";s:1:"0";}i:1;a:2:{s:6:"answer";s:11:"B.不一定";s:6:"weight";s:1:"1";}i:2;a:2:{s:6:"answer";s:11:"C.不是的";s:6:"weight";s:1:"2";}}', 1),
(66, 5, 6, 59, '我喜欢从事需要精确技术的工作', 'a:3:{i:0;a:2:{s:6:"answer";s:8:"A.是的";s:6:"weight";s:1:"0";}i:1;a:2:{s:6:"answer";s:32:"B. 介于（A）与（C）之间";s:6:"weight";s:1:"1";}i:2;a:2:{s:6:"answer";s:11:"C.不是的";s:6:"weight";s:1:"2";}}', 1),
(67, 5, 6, 84, '在服务机关中，对上级的逢迎得当，比工作上的表现更为重要', 'a:3:{i:0;a:2:{s:6:"answer";s:8:"A.是的";s:6:"weight";s:1:"0";}i:1;a:2:{s:6:"answer";s:32:"B. 介于（A）与（C）之间";s:6:"weight";s:1:"1";}i:2;a:2:{s:6:"answer";s:11:"C.不是的";s:6:"weight";s:1:"2";}}', 1),
(68, 5, 6, 109, '每当考虑困难问题时，我总是', 'a:3:{i:0;a:2:{s:6:"answer";s:23:"A.一切都未雨稠缪";s:6:"weight";s:1:"2";}i:1;a:2:{s:6:"answer";s:31:"B.介于（A）与（B）之间";s:6:"weight";s:1:"1";}i:2;a:2:{s:6:"answer";s:11:"C.不是的";s:6:"weight";s:1:"0";}}', 1),
(69, 5, 6, 134, '工作学习之余，我总要安排计划，不使时间浪费', 'a:3:{i:0;a:2:{s:6:"answer";s:8:"A.是的";s:6:"weight";s:1:"2";}i:1;a:2:{s:6:"answer";s:31:"B.介于（A）与（B）之间";s:6:"weight";s:1:"1";}i:2;a:2:{s:6:"answer";s:11:"C.不是的";s:6:"weight";s:1:"0";}}', 1),
(70, 5, 6, 159, '我常常明知故犯，不愿意接受好心的建议', 'a:3:{i:0;a:2:{s:6:"answer";s:14:"A.偶然如此";s:6:"weight";s:1:"0";}i:1;a:2:{s:6:"answer";s:14:"B.罕有如此";s:6:"weight";s:1:"1";}i:2;a:2:{s:6:"answer";s:14:"C.从不如此";s:6:"weight";s:1:"2";}}', 1),
(71, 5, 6, 160, '我总把“是非”“善恶”作为判断或取舍的原则', 'a:3:{i:0;a:2:{s:6:"answer";s:8:"A.是的";s:6:"weight";s:1:"2";}i:1;a:2:{s:6:"answer";s:32:"B. 介于（A）与（C）之间";s:6:"weight";s:1:"1";}i:2;a:2:{s:6:"answer";s:11:"C.不是的";s:6:"weight";s:1:"0";}}', 1),
(72, 5, 6, 184, '我治事严格，凡事都务求尽善尽美', 'a:3:{i:0;a:2:{s:6:"answer";s:8:"A.是的";s:6:"weight";s:1:"2";}i:1;a:2:{s:6:"answer";s:32:"B. 介于（A）与（C）之间";s:6:"weight";s:1:"1";}i:2;a:2:{s:6:"answer";s:11:"C.不是的";s:6:"weight";s:1:"0";}}', 1),
(73, 5, 6, 185, '我治事严格，凡事都务求尽善尽美', 'a:3:{i:0;a:2:{s:6:"answer";s:8:"A.是的";s:6:"weight";s:1:"2";}i:1;a:2:{s:6:"answer";s:32:"B. 介于（A）与（C）之间";s:6:"weight";s:1:"1";}i:2;a:2:{s:6:"answer";s:11:"C.不是的";s:6:"weight";s:1:"0";}}', 1),
(74, 5, 7, 10, '在社交场合中，我', 'a:3:{i:0;a:2:{s:6:"answer";s:14:"A.谈吐自然";s:6:"weight";s:1:"2";}i:1;a:2:{s:6:"answer";s:32:"B. 介于（A）与（C）之间";s:6:"weight";s:1:"1";}i:2;a:2:{s:6:"answer";s:29:"C.退避三舍，保持沉默";s:6:"weight";s:1:"0";}}', 1),
(75, 5, 7, 35, '在社交场合中，如果我突然成为众人关注的中心，我会感到局促不安', 'a:3:{i:0;a:2:{s:6:"answer";s:8:"A.是的";s:6:"weight";s:1:"0";}i:1;a:2:{s:6:"answer";s:32:"B. 介于（A）与（C）之间";s:6:"weight";s:1:"1";}i:2;a:2:{s:6:"answer";s:8:"A.是的";s:6:"weight";s:1:"2";}}', 1),
(76, 5, 7, 36, '我总喜欢参加规模庞大的聚会、舞会或公共集会', 'a:3:{i:0;a:2:{s:6:"answer";s:8:"A.是的";s:6:"weight";s:1:"2";}i:1;a:2:{s:6:"answer";s:32:"B. 介于（A）与（C）之间";s:6:"weight";s:1:"1";}i:2;a:2:{s:6:"answer";s:12:" C.不是的";s:6:"weight";s:1:"0";}}', 1),
(77, 5, 7, 60, '在有思想、有地位的长者面前，我总较为缄默', 'a:3:{i:0;a:2:{s:6:"answer";s:8:"A.是的";s:6:"weight";s:1:"0";}i:1;a:2:{s:6:"answer";s:32:"B. 介于（A）与（C）之间";s:6:"weight";s:1:"1";}i:2;a:2:{s:6:"answer";s:11:"C.不是的";s:6:"weight";s:1:"2";}}', 1),
(78, 5, 7, 61, '对我来说，在大众前演讲或表演是一件不容易的事', 'a:3:{i:0;a:2:{s:6:"answer";s:8:"A.是的";s:6:"weight";s:1:"0";}i:1;a:2:{s:6:"answer";s:32:"B. 介于（A）与（C）之间";s:6:"weight";s:1:"1";}i:2;a:2:{s:6:"answer";s:11:"C.不是的";s:6:"weight";s:1:"2";}}', 1),
(79, 5, 7, 85, '参加竞赛时，我看重的是竞赛活动，而不计较其成败', 'a:3:{i:0;a:2:{s:6:"answer";s:14:"A.总是如此";s:6:"weight";s:1:"0";}i:1;a:2:{s:6:"answer";s:14:"B.一般如此";s:6:"weight";s:1:"1";}i:2;a:2:{s:6:"answer";s:14:"C.偶然如此";s:6:"weight";s:1:"2";}}', 1),
(80, 5, 7, 86, '我宁愿我所从事的职业有', 'a:3:{i:0;a:2:{s:6:"answer";s:23:"A.固定可靠的薪水";s:6:"weight";s:1:"0";}i:1;a:2:{s:6:"answer";s:32:"B. 介于（A）与（C）之间";s:6:"weight";s:1:"1";}i:2;a:2:{s:6:"answer";s:53:"C.薪资高低能随我工作的表现而随时调整";s:6:"weight";s:1:"2";}}', 1),
(81, 5, 7, 110, '我所结交的朋友中，男女各占一半', 'a:3:{i:0;a:2:{s:6:"answer";s:8:"A.是的";s:6:"weight";s:1:"2";}i:1;a:2:{s:6:"answer";s:32:"B. 介于（A）与（C）之间";s:6:"weight";s:1:"1";}i:2;a:2:{s:6:"answer";s:11:"C.不是的";s:6:"weight";s:1:"0";}}', 1),
(82, 5, 7, 111, '我宁愿', 'a:3:{i:0;a:2:{s:6:"answer";s:20:"A.结识很多的人";s:6:"weight";s:1:"2";}i:1;a:2:{s:6:"answer";s:11:"B.不一定";s:6:"weight";s:1:"1";}i:2;a:2:{s:6:"answer";s:29:"C.维持几个深交的朋友";s:6:"weight";s:1:"0";}}', 1),
(83, 5, 7, 135, '与人交际时，我常会无端地产生一种自卑感', 'a:3:{i:0;a:2:{s:6:"answer";s:8:"A.是的";s:6:"weight";s:1:"0";}i:1;a:2:{s:6:"answer";s:32:"B. 介于（A）与（C）之间";s:6:"weight";s:1:"1";}i:2;a:2:{s:6:"answer";s:11:"C.不是的";s:6:"weight";s:1:"2";}}', 1),
(84, 5, 7, 136, '主动与陌生人交谈', 'a:3:{i:0;a:2:{s:6:"answer";s:14:"A.毫不困难";s:6:"weight";s:1:"2";}i:1;a:2:{s:6:"answer";s:32:"B. 介于（A）与（C）之间";s:6:"weight";s:1:"1";}i:2;a:2:{s:6:"answer";s:17:"C.是一件难事";s:6:"weight";s:1:"0";}}', 1),
(85, 5, 7, 161, '我工作时不喜欢有许多人在旁观看', 'a:3:{i:0;a:2:{s:6:"answer";s:8:"A.是的";s:6:"weight";s:1:"0";}i:1;a:2:{s:6:"answer";s:32:"B. 介于（A）与（C）之间";s:6:"weight";s:1:"1";}i:2;a:2:{s:6:"answer";s:11:"C.不是的";s:6:"weight";s:1:"2";}}', 1),
(86, 5, 7, 186, '我经常精力充沛，忙忙碌碌', 'a:3:{i:0;a:2:{s:6:"answer";s:8:"A.是的";s:6:"weight";s:1:"2";}i:1;a:2:{s:6:"answer";s:11:"B.不一定";s:6:"weight";s:1:"1";}i:2;a:2:{s:6:"answer";s:11:"C.不是的";s:6:"weight";s:1:"0";}}', 1),
(87, 5, 8, 11, '我愿做一名', 'a:3:{i:0;a:2:{s:6:"answer";s:17:"A.建筑工程师";s:6:"weight";s:1:"0";}i:1;a:2:{s:6:"answer";s:11:"B.不确定";s:6:"weight";s:1:"1";}i:2;a:2:{s:6:"answer";s:23:"C.社会科学的教员";s:6:"weight";s:1:"2";}}', 1),
(88, 5, 8, 12, '阅读时，我宁愿选读', 'a:3:{i:0;a:2:{s:6:"answer";s:23:"A.著名的宗教教义";s:6:"weight";s:1:"0";}i:1;a:2:{s:6:"answer";s:11:"B.不确定";s:6:"weight";s:1:"1";}i:2;a:2:{s:6:"answer";s:29:"C.国家政治组织的理论";s:6:"weight";s:1:"2";}}', 1),
(89, 5, 8, 37, '在下列工作中，我喜欢的是', 'a:3:{i:0;a:2:{s:6:"answer";s:8:"A.音乐";s:6:"weight";s:1:"2";}i:1;a:2:{s:6:"answer";s:11:"B.不一定";s:6:"weight";s:1:"1";}i:2;a:2:{s:6:"answer";s:8:"C.手工";s:6:"weight";s:1:"0";}}', 1),
(90, 5, 8, 62, '我宁愿', 'a:3:{i:0;a:2:{s:6:"answer";s:23:"A.指挥几个人工作";s:6:"weight";s:1:"0";}i:1;a:2:{s:6:"answer";s:11:"B.不确定";s:6:"weight";s:1:"1";}i:2;a:2:{s:6:"answer";s:23:"C.和团体共同工作";s:6:"weight";s:1:"2";}}', 1),
(91, 5, 8, 87, '我宁愿阅读', 'a:3:{i:0;a:2:{s:6:"answer";s:32:"A.军事与政治的事实记载";s:6:"weight";s:1:"0";}i:1;a:2:{s:6:"answer";s:11:"B.不一定";s:6:"weight";s:1:"1";}i:2;a:2:{s:6:"answer";s:38:"C.一部富有情感与幻想的作品";s:6:"weight";s:1:"2";}}', 1),
(92, 5, 8, 112, '我宁愿成为一名哲学家，而不愿做一名机械工程师', 'a:3:{i:0;a:2:{s:6:"answer";s:8:"A.是的";s:6:"weight";s:1:"2";}i:1;a:2:{s:6:"answer";s:11:"B.不确定";s:6:"weight";s:1:"1";}i:2;a:2:{s:6:"answer";s:11:"C.不是的";s:6:"weight";s:1:"0";}}', 1),
(93, 5, 8, 137, '我喜欢的音乐，多数是', 'a:3:{i:0;a:2:{s:6:"answer";s:14:"A.轻快活泼";s:6:"weight";s:1:"0";}i:1;a:2:{s:6:"answer";s:32:"B. 介于（A）与（C）之间";s:6:"weight";s:1:"1";}i:2;a:2:{s:6:"answer";s:14:"C.富于情感";s:6:"weight";s:1:"2";}}', 1),
(94, 5, 8, 138, '我爱做“白日梦”，即“完全沉浸于幻想之中”', 'a:3:{i:0;a:2:{s:6:"answer";s:8:"A.是的";s:6:"weight";s:1:"2";}i:1;a:2:{s:6:"answer";s:11:"B.不一定";s:6:"weight";s:1:"1";}i:2;a:2:{s:6:"answer";s:11:"C.不是的";s:6:"weight";s:1:"0";}}', 1),
(95, 5, 8, 162, '故意去为难一些有教养的人，如医生，老师等人的尊严，是一件有趣的事', 'a:3:{i:0;a:2:{s:6:"answer";s:8:"A.是的";s:6:"weight";s:1:"0";}i:1;a:2:{s:6:"answer";s:32:"B. 介于（A）与（C）之间";s:6:"weight";s:1:"1";}i:2;a:2:{s:6:"answer";s:11:"C.不是的";s:6:"weight";s:1:"2";}}', 1),
(96, 5, 8, 163, '在各种课程中，我较喜欢', 'a:3:{i:0;a:2:{s:6:"answer";s:8:"A.语文";s:6:"weight";s:1:"2";}i:1;a:2:{s:6:"answer";s:11:"B.不确定";s:6:"weight";s:1:"1";}i:2;a:2:{s:6:"answer";s:8:"C.数学";s:6:"weight";s:1:"0";}}', 1),
(97, 5, 9, 13, '我相信许多人都有些心理不正常，虽然他们都不愿意这样承认', 'a:3:{i:0;a:2:{s:6:"answer";s:8:"A.是的";s:6:"weight";s:1:"2";}i:1;a:2:{s:6:"answer";s:32:"B. 介于（A）与（C）之间";s:6:"weight";s:1:"1";}i:2;a:2:{s:6:"answer";s:11:"C.不是的";s:6:"weight";s:1:"0";}}', 1),
(98, 5, 9, 38, '我常常怀疑那些过于友善的人的动机是否友善', 'a:3:{i:0;a:2:{s:6:"answer";s:8:"A.是的";s:6:"weight";s:1:"2";}i:1;a:2:{s:6:"answer";s:32:"B. 介于（A）与（C）之间";s:6:"weight";s:1:"1";}i:2;a:2:{s:6:"answer";s:11:"C.不是的";s:6:"weight";s:1:"0";}}', 1),
(99, 5, 9, 63, '即使我做了一桩贻笑大方的事，我也仍然能够将它淡然忘却', 'a:3:{i:0;a:2:{s:6:"answer";s:8:"A.是的";s:6:"weight";s:1:"0";}i:1;a:2:{s:6:"answer";s:32:"B. 介于（A）与（C）之间";s:6:"weight";s:1:"1";}i:2;a:2:{s:6:"answer";s:11:"C.不是的";s:6:"weight";s:1:"2";}}', 1),
(100, 5, 9, 64, '没有人会幸灾乐祸地希望我遭遇困难', 'a:3:{i:0;a:2:{s:6:"answer";s:8:"A.是的";s:6:"weight";s:1:"0";}i:1;a:2:{s:6:"answer";s:11:"B.不确定";s:6:"weight";s:1:"1";}i:2;a:2:{s:6:"answer";s:11:"C.不是的";s:6:"weight";s:1:"2";}}', 1),
(101, 5, 9, 88, '有许多人不敢行骗，主要原因是怕受到惩罚', 'a:3:{i:0;a:2:{s:6:"answer";s:8:"A.是的";s:6:"weight";s:1:"2";}i:1;a:2:{s:6:"answer";s:32:"B. 介于（A）与（C）之间";s:6:"weight";s:1:"1";}i:2;a:2:{s:6:"answer";s:11:"C.不是的";s:6:"weight";s:1:"0";}}', 1),
(102, 5, 9, 89, '我的父母(或保护人)从未很严格地要我事事顺从', 'a:3:{i:0;a:2:{s:6:"answer";s:8:"A.是的";s:6:"weight";s:1:"0";}i:1;a:2:{s:6:"answer";s:11:"B.不一定";s:6:"weight";s:1:"1";}i:2;a:2:{s:6:"answer";s:11:"C.不是的";s:6:"weight";s:1:"2";}}', 1),
(103, 5, 9, 113, '如果我发现某人自私不义时，我总不顾一切指责他的弱点', 'a:3:{i:0;a:2:{s:6:"answer";s:8:"A.是的";s:6:"weight";s:1:"2";}i:1;a:2:{s:6:"answer";s:11:"B.不确定";s:6:"weight";s:1:"1";}i:2;a:2:{s:6:"answer";s:11:"C.不是的";s:6:"weight";s:1:"0";}}', 1),
(104, 5, 9, 114, '我善于用心机去影响同伴，使他们能协助我实现我的目标', 'a:3:{i:0;a:2:{s:6:"answer";s:8:"A.是的";s:6:"weight";s:1:"2";}i:1;a:2:{s:6:"answer";s:32:"B. 介于（A）与（C）之间";s:6:"weight";s:1:"1";}i:2;a:2:{s:6:"answer";s:11:"C.不是的";s:6:"weight";s:1:"0";}}', 1),
(105, 5, 9, 139, '未来二十年的世界局势定将好转', 'a:3:{i:0;a:2:{s:6:"answer";s:8:"A.是的";s:6:"weight";s:1:"0";}i:1;a:2:{s:6:"answer";s:11:"B.不一定";s:6:"weight";s:1:"1";}i:2;a:2:{s:6:"answer";s:11:"C.不是的";s:6:"weight";s:1:"2";}}', 1),
(106, 5, 9, 164, '那些自以为是，道貌岸然的人最使我生气', 'a:3:{i:0;a:2:{s:6:"answer";s:8:"A.是的";s:6:"weight";s:1:"2";}i:1;a:2:{s:6:"answer";s:32:"B. 介于（A）与（C）之间";s:6:"weight";s:1:"1";}i:2;a:2:{s:6:"answer";s:11:"C.不是的";s:6:"weight";s:1:"0";}}', 1),
(107, 5, 10, 14, '我所希望的结婚对象应擅长交际但无须有文艺才能', 'a:3:{i:0;a:2:{s:6:"answer";s:8:"A.是的";s:6:"weight";s:1:"0";}i:1;a:2:{s:6:"answer";s:11:"B.不一定";s:6:"weight";s:1:"1";}i:2;a:2:{s:6:"answer";s:11:"C.不是的";s:6:"weight";s:1:"2";}}', 1),
(108, 5, 10, 15, '对于头脑简单和不讲理的人，我仍然能以礼相待', 'a:3:{i:0;a:2:{s:6:"answer";s:8:"A.是的";s:6:"weight";s:1:"0";}i:1;a:2:{s:6:"answer";s:32:"B. 介于（A）与（C）之间";s:6:"weight";s:1:"1";}i:2;a:2:{s:6:"answer";s:11:"C.不是的";s:6:"weight";s:1:"2";}}', 1),
(109, 5, 10, 39, '我宁愿自己的生活象', 'a:3:{i:0;a:2:{s:6:"answer";s:29:"A.一个艺人或博物学家";s:6:"weight";s:1:"2";}i:1;a:2:{s:6:"answer";s:11:"B.不确定";s:6:"weight";s:1:"1";}i:2;a:2:{s:6:"answer";s:38:"C.会计师或保险公司的经纪人";s:6:"weight";s:1:"0";}}', 1),
(110, 5, 10, 40, '目前世界所需要的是', 'a:3:{i:0;a:2:{s:6:"answer";s:53:"A.多产生一些富有改善世界计划的理想家";s:6:"weight";s:1:"2";}i:1;a:2:{s:6:"answer";s:11:"B.不确定";s:6:"weight";s:1:"1";}i:2;a:2:{s:6:"answer";s:29:"C.脚踏实地的可靠公民";s:6:"weight";s:1:"0";}}', 1),
(111, 5, 10, 65, '一个人应该考虑人生的真正意义', 'a:3:{i:0;a:2:{s:6:"answer";s:9:"A. 是的";s:6:"weight";s:1:"2";}i:1;a:2:{s:6:"answer";s:11:"B.不确定";s:6:"weight";s:1:"1";}i:2;a:2:{s:6:"answer";s:12:"C. 不是的";s:6:"weight";s:1:"0";}}', 1),
(112, 5, 10, 90, '“百折不挠、再接再励”的精神似乎完全被现代人忽视了', 'a:3:{i:0;a:2:{s:6:"answer";s:9:"A. 是的";s:6:"weight";s:1:"0";}i:1;a:2:{s:6:"answer";s:11:"B.不一定";s:6:"weight";s:1:"1";}i:2;a:2:{s:6:"answer";s:12:"C. 不是的";s:6:"weight";s:1:"2";}}', 1),
(113, 5, 10, 91, '如果有人对我发怒，我总', 'a:3:{i:0;a:2:{s:6:"answer";s:26:"A.设法使他镇静下来";s:6:"weight";s:1:"2";}i:1;a:2:{s:6:"answer";s:14:"B.不太确定";s:6:"weight";s:1:"1";}i:2;a:2:{s:6:"answer";s:20:"C.也会恼怒起来";s:6:"weight";s:1:"0";}}', 1),
(114, 5, 10, 115, '我喜欢做戏剧、音乐、歌剧等新闻采访工作', 'a:3:{i:0;a:2:{s:6:"answer";s:8:"A.是的";s:6:"weight";s:1:"2";}i:1;a:2:{s:6:"answer";s:11:"B.不一定";s:6:"weight";s:1:"1";}i:2;a:2:{s:6:"answer";s:11:"C.不是的";s:6:"weight";s:1:"0";}}', 1),
(115, 5, 10, 116, '当人们表扬我时，我总觉得不好意思', 'a:3:{i:0;a:2:{s:6:"answer";s:8:"A.是的";s:6:"weight";s:1:"2";}i:1;a:2:{s:6:"answer";s:32:"B. 介于（A）与（C）之间";s:6:"weight";s:1:"1";}i:2;a:2:{s:6:"answer";s:11:"C.不是的";s:6:"weight";s:1:"0";}}', 1),
(116, 5, 10, 140, '童年时，我喜欢阅读', 'a:3:{i:0;a:2:{s:6:"answer";s:20:"A.神话幻想故事";s:6:"weight";s:1:"2";}i:1;a:2:{s:6:"answer";s:11:"B.不确定";s:6:"weight";s:1:"1";}i:2;a:2:{s:6:"answer";s:14:"C.战争故事";s:6:"weight";s:1:"0";}}', 1),
(117, 5, 10, 141, '我素来对机械、汽车、飞机等有兴趣', 'a:3:{i:0;a:2:{s:6:"answer";s:8:"A.是的";s:6:"weight";s:1:"0";}i:1;a:2:{s:6:"answer";s:32:"B. 介于（A）与（C）之间";s:6:"weight";s:1:"1";}i:2;a:2:{s:6:"answer";s:11:"C.不是的";s:6:"weight";s:1:"2";}}', 1),
(118, 5, 10, 165, '平常与循规蹈矩的人交谈', 'a:3:{i:0;a:2:{s:6:"answer";s:29:"A.颇有兴趣，亦有所得";s:6:"weight";s:1:"0";}i:1;a:2:{s:6:"answer";s:32:"B. 介于（A）与（C）之间";s:6:"weight";s:1:"1";}i:2;a:2:{s:6:"answer";s:35:"C.他们的思想肤浅使我厌烦";s:6:"weight";s:1:"2";}}', 1),
(119, 5, 10, 166, '我喜欢', 'a:3:{i:0;a:2:{s:6:"answer";s:56:"A.有几个有时对我很苛求但富有感情的朋友";s:6:"weight";s:1:"0";}i:1;a:2:{s:6:"answer";s:32:"B. 介于（A）与（C）之间";s:6:"weight";s:1:"1";}i:2;a:2:{s:6:"answer";s:23:"C.不受别人的干涉";s:6:"weight";s:1:"2";}}', 1),
(120, 5, 11, 16, '受人侍奉时我常感到不安', 'a:3:{i:0;a:2:{s:6:"answer";s:8:"A.是的";s:6:"weight";s:1:"0";}i:1;a:2:{s:6:"answer";s:32:"B. 介于（A）与（C）之间";s:6:"weight";s:1:"1";}i:2;a:2:{s:6:"answer";s:11:"C.不是的";s:6:"weight";s:1:"2";}}', 1),
(121, 5, 11, 17, '从事体力劳动或脑力劳动后，我比平常人需要更多的休息才能恢复工作效率', 'a:3:{i:0;a:2:{s:6:"answer";s:8:"A.是的";s:6:"weight";s:1:"2";}i:1;a:2:{s:6:"answer";s:32:"B. 介于（A）与（C）之间";s:6:"weight";s:1:"1";}i:2;a:2:{s:6:"answer";s:11:"C.不是的";s:6:"weight";s:1:"0";}}', 1),
(122, 5, 11, 41, '有时候我觉得我需要做剧烈的体力活动', 'a:3:{i:0;a:2:{s:6:"answer";s:8:"A.是的";s:6:"weight";s:1:"0";}i:1;a:2:{s:6:"answer";s:32:"B. 介于（A）与（C）之间";s:6:"weight";s:1:"1";}i:2;a:2:{s:6:"answer";s:11:"C.不是的";s:6:"weight";s:1:"2";}}', 1),
(123, 5, 11, 42, '我愿意与有礼貌有教养的人来往，而不愿和粗鲁野蛮的人为伍', 'a:3:{i:0;a:2:{s:6:"answer";s:8:"A.是的";s:6:"weight";s:1:"2";}i:1;a:2:{s:6:"answer";s:32:"B. 介于（A）与（C）之间";s:6:"weight";s:1:"1";}i:2;a:2:{s:6:"answer";s:11:"C.不是的";s:6:"weight";s:1:"0";}}', 1),
(124, 5, 11, 66, '我喜欢解决别人已弄得一塌糊涂的问题', 'a:3:{i:0;a:2:{s:6:"answer";s:8:"A.是的";s:6:"weight";s:1:"0";}i:1;a:2:{s:6:"answer";s:32:"B. 介于（A）与（C）之间";s:6:"weight";s:1:"1";}i:2;a:2:{s:6:"answer";s:11:"C.不是的";s:6:"weight";s:1:"2";}}', 1),
(125, 5, 11, 67, '我十分高兴的时候总有“好景不长”之感', 'a:3:{i:0;a:2:{s:6:"answer";s:8:"A.是的";s:6:"weight";s:1:"0";}i:1;a:2:{s:6:"answer";s:32:"B. 介于（A）与（C）之间";s:6:"weight";s:1:"1";}i:2;a:2:{s:6:"answer";s:11:"C.不是的";s:6:"weight";s:1:"2";}}', 1),
(126, 5, 11, 92, '我希望人人友好相处', 'a:3:{i:0;a:2:{s:6:"answer";s:8:"A.是的";s:6:"weight";s:1:"0";}i:1;a:2:{s:6:"answer";s:12:"B. 不一定";s:6:"weight";s:1:"1";}i:2;a:2:{s:6:"answer";s:11:"C.不是的";s:6:"weight";s:1:"2";}}', 1),
(127, 5, 11, 117, '我以为现在最需要解决的问题是', 'a:3:{i:0;a:2:{s:6:"answer";s:14:"A.政治纠纷";s:6:"weight";s:1:"2";}i:1;a:2:{s:6:"answer";s:14:"B.不太确定";s:6:"weight";s:1:"1";}i:2;a:2:{s:6:"answer";s:23:"C.道德目标的有无";s:6:"weight";s:1:"0";}}', 1),
(128, 5, 11, 142, '我愿意做缓刑释放罪犯的管理监视人', 'a:3:{i:0;a:2:{s:6:"answer";s:8:"A.是的";s:6:"weight";s:1:"2";}i:1;a:2:{s:6:"answer";s:32:"B. 介于（A）与（C）之间";s:6:"weight";s:1:"1";}i:2;a:2:{s:6:"answer";s:11:"C.不是的";s:6:"weight";s:1:"0";}}', 1),
(129, 5, 11, 167, '如果做民意投票时，我宁愿投票赞同', 'a:3:{i:0;a:2:{s:6:"answer";s:35:"A.根绝有心理缺陷者的生育";s:6:"weight";s:1:"2";}i:1;a:2:{s:6:"answer";s:11:"B.不确定";s:6:"weight";s:1:"1";}i:2;a:2:{s:6:"answer";s:26:"C.对杀人犯判处死刑";s:6:"weight";s:1:"0";}}', 1),
(130, 5, 12, 18, '半夜醒来，我会为种种忧虑而不能再入睡', 'a:3:{i:0;a:2:{s:6:"answer";s:14:"A.常常如此";s:6:"weight";s:1:"2";}i:1;a:2:{s:6:"answer";s:14:"B.有时如此";s:6:"weight";s:1:"1";}i:2;a:2:{s:6:"answer";s:14:"C.极少如此";s:6:"weight";s:1:"0";}}', 1),
(131, 5, 12, 19, '事情进行不顺利时，我常会急得掉眼泪', 'a:3:{i:0;a:2:{s:6:"answer";s:14:"A.从不如此";s:6:"weight";s:1:"0";}i:1;a:2:{s:6:"answer";s:14:"B.有时如此";s:6:"weight";s:1:"1";}i:2;a:2:{s:6:"answer";s:14:"C.极少如此";s:6:"weight";s:1:"2";}}', 1),
(132, 5, 12, 43, '在处理一些必须凭籍智慧的事务中，我的父母的确', 'a:3:{i:0;a:2:{s:6:"answer";s:17:"A.较一般人差";s:6:"weight";s:1:"2";}i:1;a:2:{s:6:"answer";s:8:"B.普通";s:6:"weight";s:1:"1";}i:2;a:2:{s:6:"answer";s:14:"C.超人一等";s:6:"weight";s:1:"0";}}', 1),
(133, 5, 12, 44, '当上司(或老师)召见我时，我', 'a:3:{i:0;a:2:{s:6:"answer";s:35:"A.总觉得可以趁机提出建议";s:6:"weight";s:1:"0";}i:1;a:2:{s:6:"answer";s:32:"B. 介于（A）与（C）之间";s:6:"weight";s:1:"1";}i:2;a:2:{s:6:"answer";s:35:"C.总怀疑自己做错了什么事";s:6:"weight";s:1:"2";}}', 1),
(134, 5, 12, 68, '在一般的困难处境下，我总能保持乐观', 'a:3:{i:0;a:2:{s:6:"answer";s:8:"A.是的";s:6:"weight";s:1:"0";}i:1;a:2:{s:6:"answer";s:11:"B.不一定";s:6:"weight";s:1:"1";}i:2;a:2:{s:6:"answer";s:11:"C.不是的";s:6:"weight";s:1:"2";}}', 1),
(135, 5, 12, 69, '迁居是一桩极不愉快的事', 'a:3:{i:0;a:2:{s:6:"answer";s:8:"A.是的";s:6:"weight";s:1:"0";}i:1;a:2:{s:6:"answer";s:32:"B. 介于（A）与（C）之间";s:6:"weight";s:1:"1";}i:2;a:2:{s:6:"answer";s:11:"C.不是的";s:6:"weight";s:1:"2";}}', 1),
(136, 5, 12, 93, '无论在极高的屋顶还是在很深的隧道中，我很少觉得胆怯不安', 'a:3:{i:0;a:2:{s:6:"answer";s:8:"A.是的";s:6:"weight";s:1:"0";}i:1;a:2:{s:6:"answer";s:32:"B. 介于（A）与（C）之间";s:6:"weight";s:1:"1";}i:2;a:2:{s:6:"answer";s:11:"C.不是的";s:6:"weight";s:1:"2";}}', 1),
(137, 5, 12, 94, '我只要没过错，不管人家怎样归咎于我，我总能心安理得', 'a:3:{i:0;a:2:{s:6:"answer";s:8:"A.是的";s:6:"weight";s:1:"0";}i:1;a:2:{s:6:"answer";s:11:"B.不一定";s:6:"weight";s:1:"1";}i:2;a:2:{s:6:"answer";s:11:"C.不是的";s:6:"weight";s:1:"2";}}', 1),
(138, 5, 12, 118, '我有时会无故地产生一种面临横祸的恐惧', 'a:3:{i:0;a:2:{s:6:"answer";s:8:"A.是的";s:6:"weight";s:1:"2";}i:1;a:2:{s:6:"answer";s:14:"B.有时如此";s:6:"weight";s:1:"1";}i:2;a:2:{s:6:"answer";s:11:"C.不是的";s:6:"weight";s:1:"0";}}', 1),
(139, 5, 12, 119, '我在童年时，害怕黑暗的次数', 'a:3:{i:0;a:2:{s:6:"answer";s:8:"A.极多";s:6:"weight";s:1:"2";}i:1;a:2:{s:6:"answer";s:11:"B.不太多";s:6:"weight";s:1:"1";}i:2;a:2:{s:6:"answer";s:8:"C.没有";s:6:"weight";s:1:"0";}}', 1),
(140, 5, 12, 143, '人们认为我只不过是一个能苦干，稍有成就的人而已', 'a:3:{i:0;a:2:{s:6:"answer";s:8:"A.是的";s:6:"weight";s:1:"2";}i:1;a:2:{s:6:"answer";s:32:"B. 介于（A）与（C）之间";s:6:"weight";s:1:"1";}i:2;a:2:{s:6:"answer";s:11:"C.不是的";s:6:"weight";s:1:"0";}}', 1),
(141, 5, 12, 144, '在逆境中，我总能保持精神振奋', 'a:3:{i:0;a:2:{s:6:"answer";s:8:"A.是的";s:6:"weight";s:1:"0";}i:1;a:2:{s:6:"answer";s:32:"B. 介于（A）与（C）之间";s:6:"weight";s:1:"1";}i:2;a:2:{s:6:"answer";s:11:"C.不是的";s:6:"weight";s:1:"2";}}', 1),
(142, 5, 12, 168, '我有时会无端地感到沮丧和痛苦', 'a:3:{i:0;a:2:{s:6:"answer";s:8:"A.是的";s:6:"weight";s:1:"2";}i:1;a:2:{s:6:"answer";s:32:"B. 介于（A）与（C）之间";s:6:"weight";s:1:"1";}i:2;a:2:{s:6:"answer";s:11:"C.不是的";s:6:"weight";s:1:"0";}}', 1),
(143, 5, 13, 20, '我认为只要双方同意就可以离婚，不应当受传统礼教的束缚', 'a:3:{i:0;a:2:{s:6:"answer";s:8:"A.是的";s:6:"weight";s:1:"2";}i:1;a:2:{s:6:"answer";s:32:"B. 介于（A）与（C）之间";s:6:"weight";s:1:"1";}i:2;a:2:{s:6:"answer";s:11:"C.不是的";s:6:"weight";s:1:"0";}}', 1),
(144, 5, 13, 21, '我对于人或物的兴趣都很容易改变', 'a:3:{i:0;a:2:{s:6:"answer";s:8:"A.是的";s:6:"weight";s:1:"2";}i:1;a:2:{s:6:"answer";s:32:"B. 介于（A）与（C）之间";s:6:"weight";s:1:"1";}i:2;a:2:{s:6:"answer";s:11:"C.不是的";s:6:"weight";s:1:"0";}}', 1),
(145, 5, 13, 45, '假使薪资待遇优厚，我愿意担任照料精神病人的职务', 'a:3:{i:0;a:2:{s:6:"answer";s:8:"A.是的";s:6:"weight";s:1:"0";}i:1;a:2:{s:6:"answer";s:32:"B. 介于（A）与（C）之间";s:6:"weight";s:1:"1";}i:2;a:2:{s:6:"answer";s:11:"C.不是的";s:6:"weight";s:1:"2";}}', 1),
(146, 5, 13, 46, '看报时，我喜欢读', 'a:3:{i:0;a:2:{s:6:"answer";s:44:"A.当前世界的基本社会问题的辩论";s:6:"weight";s:1:"2";}i:1;a:2:{s:6:"answer";s:32:"B. 介于（A）与（C）之间";s:6:"weight";s:1:"1";}i:2;a:2:{s:6:"answer";s:23:"C.地方新闻的报道";s:6:"weight";s:1:"0";}}', 1),
(147, 5, 13, 70, '在我年轻的时候，如果我和父母的意见不同，我经常', 'a:3:{i:0;a:2:{s:6:"answer";s:23:"A.坚持自己的意见";s:6:"weight";s:1:"2";}i:1;a:2:{s:6:"answer";s:32:"B. 介于（A）与（C）之间";s:6:"weight";s:1:"1";}i:2;a:2:{s:6:"answer";s:23:"C.接受他们的意见";s:6:"weight";s:1:"0";}}', 1),
(148, 5, 13, 95, '我认为凡是无法使用理智来解决的问题，有时就不得不靠权力来处理', 'a:3:{i:0;a:2:{s:6:"answer";s:8:"A.是的";s:6:"weight";s:1:"0";}i:1;a:2:{s:6:"answer";s:32:"B. 介于（A）与（C）之间";s:6:"weight";s:1:"1";}i:2;a:2:{s:6:"answer";s:11:"C.不是的";s:6:"weight";s:1:"2";}}', 1),
(149, 5, 13, 120, '黄昏闲暇，我喜欢', 'a:3:{i:0;a:2:{s:6:"answer";s:29:"A.看一部历史探险影片";s:6:"weight";s:1:"0";}i:1;a:2:{s:6:"answer";s:11:"B.不一定";s:6:"weight";s:1:"1";}i:2;a:2:{s:6:"answer";s:29:"C.念一本科学幻想小说";s:6:"weight";s:1:"2";}}', 1),
(150, 5, 13, 145, '我认为人工节育是解决世界经济与和平问题的要诀', 'a:3:{i:0;a:2:{s:6:"answer";s:8:"A.是的";s:6:"weight";s:1:"2";}i:1;a:2:{s:6:"answer";s:14:"B.不太确定";s:6:"weight";s:1:"1";}i:2;a:2:{s:6:"answer";s:11:"C.不是的";s:6:"weight";s:1:"0";}}', 1),
(151, 5, 13, 169, '当我与立场相反的人辩论时，我主张', 'a:3:{i:0;a:2:{s:6:"answer";s:35:"A.尽量找出基本观点的差异";s:6:"weight";s:1:"2";}i:1;a:2:{s:6:"answer";s:11:"B.不一定";s:6:"weight";s:1:"1";}i:2;a:2:{s:6:"answer";s:29:"C.彼此让步以解决矛盾";s:6:"weight";s:1:"0";}}', 1),
(152, 5, 13, 170, '我一向重感情而不重理智，因此我的观点常动摇不定', 'a:3:{i:0;a:2:{s:6:"answer";s:8:"A.是的";s:6:"weight";s:1:"0";}i:1;a:2:{s:6:"answer";s:14:"B.不致如此";s:6:"weight";s:1:"1";}i:2;a:2:{s:6:"answer";s:11:"C.不是的";s:6:"weight";s:1:"2";}}', 1),
(153, 5, 14, 22, '筹划事务时，我宁愿', 'a:3:{i:0;a:2:{s:6:"answer";s:17:"A.和别人合作";s:6:"weight";s:1:"0";}i:1;a:2:{s:6:"answer";s:11:"B.不确定";s:6:"weight";s:1:"1";}i:2;a:2:{s:6:"answer";s:20:"C.自己单独进行";s:6:"weight";s:1:"2";}}', 1),
(154, 5, 14, 47, '在接受困难任务时，我总是', 'a:3:{i:0;a:2:{s:6:"answer";s:26:"A.有独立完成的信心";s:6:"weight";s:1:"2";}i:1;a:2:{s:6:"answer";s:11:"B.不确定";s:6:"weight";s:1:"1";}i:2;a:2:{s:6:"answer";s:32:"C.希望有别人帮助和指导";s:6:"weight";s:1:"0";}}', 1),
(155, 5, 14, 71, '我希望我能够使家庭', 'a:3:{i:0;a:2:{s:6:"answer";s:32:"A.有其本身的欢乐和活动";s:6:"weight";s:1:"2";}i:1;a:2:{s:6:"answer";s:32:"B. 介于（A）与（C）之间";s:6:"weight";s:1:"1";}i:2;a:2:{s:6:"answer";s:38:"C.成为邻里社交活动的一部分";s:6:"weight";s:1:"0";}}', 1),
(156, 5, 14, 72, '我解决问题多数依靠', 'a:3:{i:0;a:2:{s:6:"answer";s:20:"A.个人独立思考";s:6:"weight";s:1:"2";}i:1;a:2:{s:6:"answer";s:32:"B. 介于（A）与（C）之间";s:6:"weight";s:1:"1";}i:2;a:2:{s:6:"answer";s:20:"C.与人互相讨论";s:6:"weight";s:1:"0";}}', 1),
(157, 5, 14, 96, '我十六七岁时与异性朋友交往', 'a:3:{i:0;a:2:{s:6:"answer";s:8:"A.极多";s:6:"weight";s:1:"0";}i:1;a:2:{s:6:"answer";s:32:"B. 介于（A）与（C）之间";s:6:"weight";s:1:"1";}i:2;a:2:{s:6:"answer";s:17:"C.比别人冷淡";s:6:"weight";s:1:"2";}}', 1),
(158, 5, 14, 97, '我在交际场合或所参加的组织中是一个活跃分子', 'a:3:{i:0;a:2:{s:6:"answer";s:8:"A.是的";s:6:"weight";s:1:"0";}i:1;a:2:{s:6:"answer";s:32:"B. 介于（A）与（C）之间";s:6:"weight";s:1:"1";}i:2;a:2:{s:6:"answer";s:11:"C.不是的";s:6:"weight";s:1:"2";}}', 1),
(159, 5, 14, 121, '当人们批评我古怪时，我觉得', 'a:3:{i:0;a:2:{s:6:"answer";s:14:"A.非常气恼";s:6:"weight";s:1:"0";}i:1;a:2:{s:6:"answer";s:14:"B.有些动气";s:6:"weight";s:1:"1";}i:2;a:2:{s:6:"answer";s:11:"C.无所谓";s:6:"weight";s:1:"2";}}', 1),
(160, 5, 14, 122, '在一个陌生的城市找住址时，我经常', 'a:3:{i:0;a:2:{s:6:"answer";s:14:"A.找人问路";s:6:"weight";s:1:"0";}i:1;a:2:{s:6:"answer";s:32:"B. 介于（A）与（C）之间";s:6:"weight";s:1:"1";}i:2;a:2:{s:6:"answer";s:20:"C.参考市区地图";s:6:"weight";s:1:"2";}}', 1),
(161, 5, 14, 146, '我喜欢独自筹划，避免人家的干涉和建议', 'a:3:{i:0;a:2:{s:6:"answer";s:8:"A.是的";s:6:"weight";s:1:"2";}i:1;a:2:{s:6:"answer";s:32:"B. 介于（A）与（C）之间";s:6:"weight";s:1:"1";}i:2;a:2:{s:6:"answer";s:11:"C.不是的";s:6:"weight";s:1:"0";}}', 1),
(162, 5, 14, 171, '我的学习多依赖于', 'a:3:{i:0;a:2:{s:6:"answer";s:14:"A.阅读好书";s:6:"weight";s:1:"2";}i:1;a:2:{s:6:"answer";s:32:"B. 介于（A）与（C）之间";s:6:"weight";s:1:"1";}i:2;a:2:{s:6:"answer";s:20:"C.参加团体讨论";s:6:"weight";s:1:"0";}}', 1),
(163, 5, 15, 23, '我常会无端地自言自语', 'a:3:{i:0;a:2:{s:6:"answer";s:14:"A.常常如此";s:6:"weight";s:1:"0";}i:1;a:2:{s:6:"answer";s:14:"B.偶然如此";s:6:"weight";s:1:"1";}i:2;a:2:{s:6:"answer";s:14:"C.从不如此";s:6:"weight";s:1:"2";}}', 1),
(164, 5, 15, 24, '无论工作、饮食或出游，我总', 'a:3:{i:0;a:2:{s:6:"answer";s:26:"A.很匆忙，不能尽兴";s:6:"weight";s:1:"0";}i:1;a:2:{s:6:"answer";s:32:"B. 介于（A）与（C）之间";s:6:"weight";s:1:"1";}i:2;a:2:{s:6:"answer";s:17:"C.很从容不迫";s:6:"weight";s:1:"2";}}', 1),
(165, 5, 15, 48, '逛街时，我宁愿观看一个画家写生，而不愿旁听人家的争论', 'a:3:{i:0;a:2:{s:6:"answer";s:8:"A.是的";s:6:"weight";s:1:"2";}i:1;a:2:{s:6:"answer";s:11:"B.不一定";s:6:"weight";s:1:"1";}i:2;a:2:{s:6:"answer";s:11:"C.不是的";s:6:"weight";s:1:"0";}}', 1),
(166, 5, 15, 73, '需要“当机立断”时，我总', 'a:3:{i:0;a:2:{s:6:"answer";s:23:"A.镇静地运用理智";s:6:"weight";s:1:"2";}i:1;a:2:{s:6:"answer";s:32:"B. 介于（A）与（C）之间";s:6:"weight";s:1:"1";}i:2;a:2:{s:6:"answer";s:41:"C.常常紧张兴奋，不能冷静思考";s:6:"weight";s:1:"0";}}', 1),
(167, 5, 15, 98, '在人声噪杂中，我仍能不受妨碍，专心工作', 'a:3:{i:0;a:2:{s:6:"answer";s:8:"A.是的";s:6:"weight";s:1:"2";}i:1;a:2:{s:6:"answer";s:32:"B. 介于（A）与（C）之间";s:6:"weight";s:1:"1";}i:2;a:2:{s:6:"answer";s:11:"C.不是的";s:6:"weight";s:1:"0";}}', 1),
(168, 5, 15, 123, '朋友们声言要在家休息时，我仍设法怂恿他们外出', 'a:3:{i:0;a:2:{s:6:"answer";s:8:"A.是的";s:6:"weight";s:1:"0";}i:1;a:2:{s:6:"answer";s:11:"B.不一定";s:6:"weight";s:1:"1";}i:2;a:2:{s:6:"answer";s:11:"C.不是的";s:6:"weight";s:1:"2";}}', 1),
(169, 5, 15, 147, '我相信“上司不可能没有过错，但他仍有权做领导者”', 'a:3:{i:0;a:2:{s:6:"answer";s:8:"A.是的";s:6:"weight";s:1:"2";}i:1;a:2:{s:6:"answer";s:11:"B.不一定";s:6:"weight";s:1:"1";}i:2;a:2:{s:6:"answer";s:11:"C.不是的";s:6:"weight";s:1:"0";}}', 1),
(170, 5, 15, 148, '我总设法使自己不粗心大意、忽略细节', 'a:3:{i:0;a:2:{s:6:"answer";s:8:"A.是的";s:6:"weight";s:1:"2";}i:1;a:2:{s:6:"answer";s:32:"B. 介于（A）与（C）之间";s:6:"weight";s:1:"1";}i:2;a:2:{s:6:"answer";s:11:"C.不是的";s:6:"weight";s:1:"0";}}', 1),
(171, 5, 15, 172, '我宁愿选择一份薪资待遇高的工作，不在乎有无保障，而不愿做薪资待遇低的固定工作', 'a:3:{i:0;a:2:{s:6:"answer";s:8:"A.是的";s:6:"weight";s:1:"0";}i:1;a:2:{s:6:"answer";s:14:"B.不太确定";s:6:"weight";s:1:"1";}i:2;a:2:{s:6:"answer";s:11:"C.不是的";s:6:"weight";s:1:"2";}}', 1),
(172, 5, 15, 173, '在参加辩论以前，我总先把握住自己的立场', 'a:3:{i:0;a:2:{s:6:"answer";s:14:"A.经常如此";s:6:"weight";s:1:"2";}i:1;a:2:{s:6:"answer";s:14:"B.一般如此";s:6:"weight";s:1:"1";}i:2;a:2:{s:6:"answer";s:20:"C.必要时才如此";s:6:"weight";s:1:"0";}}', 1),
(173, 5, 16, 25, '有时我会怀疑别人是否对我的言谈真正感兴趣', 'a:3:{i:0;a:2:{s:6:"answer";s:8:"A.是的";s:6:"weight";s:1:"2";}i:1;a:2:{s:6:"answer";s:32:"B. 介于（A）与（C）之间";s:6:"weight";s:1:"1";}i:2;a:2:{s:6:"answer";s:12:"C.不是的 ";s:6:"weight";s:1:"0";}}', 1),
(174, 5, 16, 49, '我的神经脆弱，稍有刺激性的声音就会使我害怕', 'a:3:{i:0;a:2:{s:6:"answer";s:14:"A.时常如此";s:6:"weight";s:1:"2";}i:1;a:2:{s:6:"answer";s:14:"B.有时如此";s:6:"weight";s:1:"1";}i:2;a:2:{s:6:"answer";s:14:"C.从未如此";s:6:"weight";s:1:"0";}}', 1);
INSERT INTO `questions` (`qid`, `gid`, `dimension_id`, `sequence`, `content`, `choices`, `single`) VALUES
(175, 5, 16, 50, '我早上起床的时候，常常感到疲乏不堪', 'a:3:{i:0;a:2:{s:6:"answer";s:8:"A.是的";s:6:"weight";s:1:"2";}i:1;a:2:{s:6:"answer";s:32:"B. 介于（A）与（C）之间";s:6:"weight";s:1:"1";}i:2;a:2:{s:6:"answer";s:11:"C.不是的";s:6:"weight";s:1:"0";}}', 1),
(176, 5, 16, 74, '最近，在一两桩事情上，我觉得自己是无辜受累', 'a:3:{i:0;a:2:{s:6:"answer";s:8:"A.是的";s:6:"weight";s:1:"2";}i:1;a:2:{s:6:"answer";s:32:"B. 介于（A）与（C）之间";s:6:"weight";s:1:"1";}i:2;a:2:{s:6:"answer";s:11:"C.不是的";s:6:"weight";s:1:"0";}}', 1),
(177, 5, 16, 75, '我善于控制我的表情', 'a:3:{i:0;a:2:{s:6:"answer";s:8:"A.是的";s:6:"weight";s:1:"0";}i:1;a:2:{s:6:"answer";s:32:"B. 介于（A）与（C）之间";s:6:"weight";s:1:"1";}i:2;a:2:{s:6:"answer";s:11:"C.不是的";s:6:"weight";s:1:"2";}}', 1),
(178, 5, 16, 99, '在某些心境下，我常因困惑引起幻想而将工作搁置下来', 'a:3:{i:0;a:2:{s:6:"answer";s:8:"A.是的";s:6:"weight";s:1:"2";}i:1;a:2:{s:6:"answer";s:32:"B. 介于（A）与（C）之间";s:6:"weight";s:1:"1";}i:2;a:2:{s:6:"answer";s:11:"C.不是的";s:6:"weight";s:1:"0";}}', 1),
(179, 5, 16, 100, '我很少用难堪的话去中伤别人的感情', 'a:3:{i:0;a:2:{s:6:"answer";s:8:"A.是的";s:6:"weight";s:1:"0";}i:1;a:2:{s:6:"answer";s:14:"B.不太确定";s:6:"weight";s:1:"1";}i:2;a:2:{s:6:"answer";s:11:"C.不是的";s:6:"weight";s:1:"2";}}', 1),
(180, 5, 16, 124, '在就寝时，我', 'a:3:{i:0;a:2:{s:6:"answer";s:14:"A.不易入睡";s:6:"weight";s:1:"2";}i:1;a:2:{s:6:"answer";s:33:"B. 介于（A）与（C）之间 ";s:6:"weight";s:1:"1";}i:2;a:2:{s:6:"answer";s:17:"C.极容易入睡";s:6:"weight";s:1:"0";}}', 1),
(181, 5, 16, 125, '有人烦扰我时，我', 'a:3:{i:0;a:2:{s:6:"answer";s:17:"A.能不露声色";s:6:"weight";s:1:"0";}i:1;a:2:{s:6:"answer";s:32:"B. 介于（A）与（C）之间";s:6:"weight";s:1:"1";}i:2;a:2:{s:6:"answer";s:36:"C.要说给别人听，以泄气愤 ";s:6:"weight";s:1:"2";}}', 1),
(182, 5, 16, 149, '与人争辩或险遭事故后，我常发抖，精疲力竭，不能安心工作', 'a:3:{i:0;a:2:{s:6:"answer";s:8:"A.是的";s:6:"weight";s:1:"2";}i:1;a:2:{s:6:"answer";s:32:"B. 介于（A）与（C）之间";s:6:"weight";s:1:"1";}i:2;a:2:{s:6:"answer";s:11:"C.不是的";s:6:"weight";s:1:"0";}}', 1),
(183, 5, 16, 150, '没有医生处方，我从不乱用药', 'a:3:{i:0;a:2:{s:6:"answer";s:8:"A.是的";s:6:"weight";s:1:"2";}i:1;a:2:{s:6:"answer";s:32:"B. 介于（A）与（C）之间";s:6:"weight";s:1:"1";}i:2;a:2:{s:6:"answer";s:11:"C.不是的";s:6:"weight";s:1:"0";}}', 1),
(184, 5, 16, 174, '我常被一些无谓的琐事所烦扰', 'a:3:{i:0;a:2:{s:6:"answer";s:8:"A.是的";s:6:"weight";s:1:"2";}i:1;a:2:{s:6:"answer";s:32:"B. 介于（A）与（C）之间";s:6:"weight";s:1:"1";}i:2;a:2:{s:6:"answer";s:11:"C.不是的";s:6:"weight";s:1:"0";}}', 1),
(185, 5, 16, 175, '我宁愿住在嘈杂的城市，而不愿住在安静的乡村', 'a:3:{i:0;a:2:{s:6:"answer";s:8:"A.是的";s:6:"weight";s:1:"0";}i:1;a:2:{s:6:"answer";s:15:" B.不太确定";s:6:"weight";s:1:"1";}i:2;a:2:{s:6:"answer";s:11:"C.不是的";s:6:"weight";s:1:"2";}}', 1),
(186, 7, 33, 1, '感到心情平静', 'a:4:{i:0;a:2:{s:6:"answer";s:12:"完全没有";s:6:"weight";s:1:"4";}i:1;a:2:{s:6:"answer";s:6:"有些";s:6:"weight";s:1:"3";}i:2;a:2:{s:6:"answer";s:12:"中等程度";s:6:"weight";s:1:"2";}i:3;a:2:{s:6:"answer";s:12:"非常明显";s:6:"weight";s:1:"1";}}', 1),
(187, 7, 33, 2, '我感到安全', 'a:4:{i:0;a:2:{s:6:"answer";s:12:"完全没有";s:6:"weight";s:1:"4";}i:1;a:2:{s:6:"answer";s:6:"有些";s:6:"weight";s:1:"3";}i:2;a:2:{s:6:"answer";s:12:"中等程度";s:6:"weight";s:1:"2";}i:3;a:2:{s:6:"answer";s:12:"非常明显";s:6:"weight";s:1:"1";}}', 1),
(188, 7, 33, 5, '我感到安逸', 'a:4:{i:0;a:2:{s:6:"answer";s:12:"完全没有";s:6:"weight";s:1:"4";}i:1;a:2:{s:6:"answer";s:6:"有些";s:6:"weight";s:1:"3";}i:2;a:2:{s:6:"answer";s:12:"中等程度";s:6:"weight";s:1:"2";}i:3;a:2:{s:6:"answer";s:12:"非常明显";s:6:"weight";s:1:"1";}}', 1),
(189, 7, 33, 8, '我感到满意', 'a:4:{i:0;a:2:{s:6:"answer";s:12:"完全没有";s:6:"weight";s:1:"4";}i:1;a:2:{s:6:"answer";s:6:"有些";s:6:"weight";s:1:"3";}i:2;a:2:{s:6:"answer";s:12:"中等程度";s:6:"weight";s:1:"2";}i:3;a:2:{s:6:"answer";s:12:"非常明显";s:6:"weight";s:1:"1";}}', 1),
(190, 7, 33, 10, '我感到舒适', 'a:4:{i:0;a:2:{s:6:"answer";s:12:"完全没有";s:6:"weight";s:1:"4";}i:1;a:2:{s:6:"answer";s:6:"有些";s:6:"weight";s:1:"3";}i:2;a:2:{s:6:"answer";s:12:"中等程度";s:6:"weight";s:1:"2";}i:3;a:2:{s:6:"answer";s:12:"非常明显";s:6:"weight";s:1:"1";}}', 1),
(191, 7, 33, 11, '我有自信心', 'a:4:{i:0;a:2:{s:6:"answer";s:12:"完全没有";s:6:"weight";s:1:"4";}i:1;a:2:{s:6:"answer";s:6:"有些";s:6:"weight";s:1:"3";}i:2;a:2:{s:6:"answer";s:12:"中等程度";s:6:"weight";s:1:"2";}i:3;a:2:{s:6:"answer";s:12:"非常明显";s:6:"weight";s:1:"1";}}', 1),
(192, 7, 33, 15, '我是轻松的', 'a:4:{i:0;a:2:{s:6:"answer";s:12:"完全没有";s:6:"weight";s:1:"4";}i:1;a:2:{s:6:"answer";s:6:"有些";s:6:"weight";s:1:"3";}i:2;a:2:{s:6:"answer";s:12:"中等程度";s:6:"weight";s:1:"2";}i:3;a:2:{s:6:"answer";s:12:"非常明显";s:6:"weight";s:1:"1";}}', 1),
(193, 7, 33, 16, '我感到心满意足', 'a:4:{i:0;a:2:{s:6:"answer";s:12:"完全没有";s:6:"weight";s:1:"4";}i:1;a:2:{s:6:"answer";s:6:"有些";s:6:"weight";s:1:"3";}i:2;a:2:{s:6:"answer";s:12:"中等程度";s:6:"weight";s:1:"2";}i:3;a:2:{s:6:"answer";s:12:"非常明显";s:6:"weight";s:1:"1";}}', 1),
(194, 7, 33, 19, '我感到镇定', 'a:4:{i:0;a:2:{s:6:"answer";s:12:"完全没有";s:6:"weight";s:1:"4";}i:1;a:2:{s:6:"answer";s:6:"有些";s:6:"weight";s:1:"3";}i:2;a:2:{s:6:"answer";s:12:"中等程度";s:6:"weight";s:1:"2";}i:3;a:2:{s:6:"answer";s:12:"非常明显";s:6:"weight";s:1:"1";}}', 1),
(195, 7, 33, 20, '我感到愉快', 'a:4:{i:0;a:2:{s:6:"answer";s:12:"完全没有";s:6:"weight";s:1:"4";}i:1;a:2:{s:6:"answer";s:6:"有些";s:6:"weight";s:1:"3";}i:2;a:2:{s:6:"answer";s:12:"中等程度";s:6:"weight";s:1:"2";}i:3;a:2:{s:6:"answer";s:12:"非常明显";s:6:"weight";s:1:"1";}}', 1),
(196, 7, 33, 3, '我是紧张的', 'a:4:{i:0;a:2:{s:6:"answer";s:12:"完全没有";s:6:"weight";s:1:"1";}i:1;a:2:{s:6:"answer";s:6:"有些";s:6:"weight";s:1:"2";}i:2;a:2:{s:6:"answer";s:12:"中等程度";s:6:"weight";s:1:"3";}i:3;a:2:{s:6:"answer";s:12:"非常明显";s:6:"weight";s:1:"4";}}', 1),
(197, 7, 33, 4, '我感到紧张束缚', 'a:4:{i:0;a:2:{s:6:"answer";s:12:"完全没有";s:6:"weight";s:1:"1";}i:1;a:2:{s:6:"answer";s:6:"有些";s:6:"weight";s:1:"2";}i:2;a:2:{s:6:"answer";s:12:"中等程度";s:6:"weight";s:1:"3";}i:3;a:2:{s:6:"answer";s:12:"非常明显";s:6:"weight";s:1:"4";}}', 1),
(198, 7, 33, 6, '我感到烦乱', 'a:4:{i:0;a:2:{s:6:"answer";s:12:"完全没有";s:6:"weight";s:1:"1";}i:1;a:2:{s:6:"answer";s:6:"有些";s:6:"weight";s:1:"2";}i:2;a:2:{s:6:"answer";s:12:"中等程度";s:6:"weight";s:1:"3";}i:3;a:2:{s:6:"answer";s:12:"非常明显";s:6:"weight";s:1:"4";}}', 1),
(199, 7, 33, 7, '我现在正烦恼，感到这种烦恼超过了可能的不幸', 'a:4:{i:0;a:2:{s:6:"answer";s:12:"完全没有";s:6:"weight";s:1:"1";}i:1;a:2:{s:6:"answer";s:6:"有些";s:6:"weight";s:1:"2";}i:2;a:2:{s:6:"answer";s:12:"中等程度";s:6:"weight";s:1:"3";}i:3;a:2:{s:6:"answer";s:12:"非常明显";s:6:"weight";s:1:"4";}}', 1),
(200, 7, 33, 9, '我感到害怕', 'a:4:{i:0;a:2:{s:6:"answer";s:12:"完全没有";s:6:"weight";s:1:"1";}i:1;a:2:{s:6:"answer";s:6:"有些";s:6:"weight";s:1:"2";}i:2;a:2:{s:6:"answer";s:12:"中等程度";s:6:"weight";s:1:"3";}i:3;a:2:{s:6:"answer";s:12:"非常明显";s:6:"weight";s:1:"4";}}', 1),
(201, 7, 33, 12, '我觉得神经过敏', 'a:4:{i:0;a:2:{s:6:"answer";s:12:"完全没有";s:6:"weight";s:1:"1";}i:1;a:2:{s:6:"answer";s:6:"有些";s:6:"weight";s:1:"2";}i:2;a:2:{s:6:"answer";s:12:"中等程度";s:6:"weight";s:1:"3";}i:3;a:2:{s:6:"answer";s:12:"非常明显";s:6:"weight";s:1:"4";}}', 1),
(202, 7, 33, 13, '我极度紧张不安', 'a:4:{i:0;a:2:{s:6:"answer";s:12:"完全没有";s:6:"weight";s:1:"1";}i:1;a:2:{s:6:"answer";s:6:"有些";s:6:"weight";s:1:"2";}i:2;a:2:{s:6:"answer";s:12:"中等程度";s:6:"weight";s:1:"3";}i:3;a:2:{s:6:"answer";s:12:"非常明显";s:6:"weight";s:1:"4";}}', 1),
(203, 7, 33, 14, '优柔寡断', 'a:4:{i:0;a:2:{s:6:"answer";s:12:"完全没有";s:6:"weight";s:1:"1";}i:1;a:2:{s:6:"answer";s:6:"有些";s:6:"weight";s:1:"2";}i:2;a:2:{s:6:"answer";s:12:"中等程度";s:6:"weight";s:1:"3";}i:3;a:2:{s:6:"answer";s:12:"非常明显";s:6:"weight";s:1:"4";}}', 1),
(204, 7, 33, 17, '我是烦恼的', 'a:4:{i:0;a:2:{s:6:"answer";s:12:"完全没有";s:6:"weight";s:1:"1";}i:1;a:2:{s:6:"answer";s:6:"有些";s:6:"weight";s:1:"2";}i:2;a:2:{s:6:"answer";s:12:"中等程度";s:6:"weight";s:1:"3";}i:3;a:2:{s:6:"answer";s:12:"非常明显";s:6:"weight";s:1:"4";}}', 1),
(205, 7, 33, 18, '我感到慌乱', 'a:4:{i:0;a:2:{s:6:"answer";s:12:"完全没有";s:6:"weight";s:1:"1";}i:1;a:2:{s:6:"answer";s:6:"有些";s:6:"weight";s:1:"2";}i:2;a:2:{s:6:"answer";s:12:"中等程度";s:6:"weight";s:1:"3";}i:3;a:2:{s:6:"answer";s:12:"非常明显";s:6:"weight";s:1:"4";}}', 1),
(206, 7, 34, 21, '我感到愉快', 'a:4:{i:0;a:2:{s:6:"answer";s:12:"几乎没有";s:6:"weight";s:1:"4";}i:1;a:2:{s:6:"answer";s:6:"有些";s:6:"weight";s:1:"3";}i:2;a:2:{s:6:"answer";s:6:"经常";s:6:"weight";s:1:"2";}i:3;a:2:{s:6:"answer";s:18:"几乎总是如此";s:6:"weight";s:1:"1";}}', 1),
(207, 7, 34, 23, '我感到自我满足', 'a:4:{i:0;a:2:{s:6:"answer";s:12:"几乎没有";s:6:"weight";s:1:"4";}i:1;a:2:{s:6:"answer";s:6:"有些";s:6:"weight";s:1:"3";}i:2;a:2:{s:6:"answer";s:6:"经常";s:6:"weight";s:1:"2";}i:3;a:2:{s:6:"answer";s:18:"几乎总是如此";s:6:"weight";s:1:"1";}}', 1),
(208, 7, 34, 24, '我希望能和别人那样地高兴', 'a:4:{i:0;a:2:{s:6:"answer";s:12:"几乎没有";s:6:"weight";s:1:"4";}i:1;a:2:{s:6:"answer";s:6:"有些";s:6:"weight";s:1:"3";}i:2;a:2:{s:6:"answer";s:6:"经常";s:6:"weight";s:1:"2";}i:3;a:2:{s:6:"answer";s:18:"几乎总是如此";s:6:"weight";s:1:"1";}}', 1),
(209, 7, 34, 26, '我感到很宁静', 'a:4:{i:0;a:2:{s:6:"answer";s:12:"几乎没有";s:6:"weight";s:1:"4";}i:1;a:2:{s:6:"answer";s:6:"有些";s:6:"weight";s:1:"3";}i:2;a:2:{s:6:"answer";s:6:"经常";s:6:"weight";s:1:"2";}i:3;a:2:{s:6:"answer";s:18:"几乎总是如此";s:6:"weight";s:1:"1";}}', 1),
(210, 7, 34, 27, '我是平静的、冷静的和泰然自若的', 'a:4:{i:0;a:2:{s:6:"answer";s:12:"几乎没有";s:6:"weight";s:1:"4";}i:1;a:2:{s:6:"answer";s:6:"有些";s:6:"weight";s:1:"3";}i:2;a:2:{s:6:"answer";s:6:"经常";s:6:"weight";s:1:"2";}i:3;a:2:{s:6:"answer";s:18:"几乎总是如此";s:6:"weight";s:1:"1";}}', 1),
(211, 7, 34, 30, '我是高兴的', 'a:4:{i:0;a:2:{s:6:"answer";s:12:"几乎没有";s:6:"weight";s:1:"4";}i:1;a:2:{s:6:"answer";s:6:"有些";s:6:"weight";s:1:"3";}i:2;a:2:{s:6:"answer";s:6:"经常";s:6:"weight";s:1:"2";}i:3;a:2:{s:6:"answer";s:18:"几乎总是如此";s:6:"weight";s:1:"1";}}', 1),
(212, 7, 34, 33, '我感到安全', 'a:4:{i:0;a:2:{s:6:"answer";s:12:"几乎没有";s:6:"weight";s:1:"4";}i:1;a:2:{s:6:"answer";s:6:"有些";s:6:"weight";s:1:"3";}i:2;a:2:{s:6:"answer";s:6:"经常";s:6:"weight";s:1:"2";}i:3;a:2:{s:6:"answer";s:18:"几乎总是如此";s:6:"weight";s:1:"1";}}', 1),
(213, 7, 34, 34, '我容易做出决断', 'a:4:{i:0;a:2:{s:6:"answer";s:12:"几乎没有";s:6:"weight";s:1:"4";}i:1;a:2:{s:6:"answer";s:6:"有些";s:6:"weight";s:1:"3";}i:2;a:2:{s:6:"answer";s:6:"经常";s:6:"weight";s:1:"2";}i:3;a:2:{s:6:"answer";s:18:"几乎总是如此";s:6:"weight";s:1:"1";}}', 1),
(214, 7, 34, 36, '我是满足的', 'a:4:{i:0;a:2:{s:6:"answer";s:12:"几乎没有";s:6:"weight";s:1:"4";}i:1;a:2:{s:6:"answer";s:6:"有些";s:6:"weight";s:1:"3";}i:2;a:2:{s:6:"answer";s:6:"经常";s:6:"weight";s:1:"2";}i:3;a:2:{s:6:"answer";s:18:"几乎总是如此";s:6:"weight";s:1:"1";}}', 1),
(215, 7, 34, 39, ' 我是一个镇定的人', 'a:4:{i:0;a:2:{s:6:"answer";s:12:"几乎没有";s:6:"weight";s:1:"4";}i:1;a:2:{s:6:"answer";s:6:"有些";s:6:"weight";s:1:"3";}i:2;a:2:{s:6:"answer";s:6:"经常";s:6:"weight";s:1:"2";}i:3;a:2:{s:6:"answer";s:18:"几乎总是如此";s:6:"weight";s:1:"1";}}', 1),
(216, 7, 34, 22, '感到神经过敏和不安', 'a:4:{i:0;a:2:{s:6:"answer";s:12:"几乎没有";s:6:"weight";s:1:"1";}i:1;a:2:{s:6:"answer";s:6:"有些";s:6:"weight";s:1:"2";}i:2;a:2:{s:6:"answer";s:6:"经常";s:6:"weight";s:1:"3";}i:3;a:2:{s:6:"answer";s:18:"几乎总是如此";s:6:"weight";s:1:"4";}}', 1),
(217, 7, 34, 25, '我感到我像衰竭一样', 'a:4:{i:0;a:2:{s:6:"answer";s:12:"几乎没有";s:6:"weight";s:1:"1";}i:1;a:2:{s:6:"answer";s:6:"有些";s:6:"weight";s:1:"2";}i:2;a:2:{s:6:"answer";s:6:"经常";s:6:"weight";s:1:"3";}i:3;a:2:{s:6:"answer";s:18:"几乎总是如此";s:6:"weight";s:1:"4";}}', 1),
(218, 7, 34, 28, '我感到困难一一堆积起来，因此无法克服', 'a:4:{i:0;a:2:{s:6:"answer";s:12:"几乎没有";s:6:"weight";s:1:"1";}i:1;a:2:{s:6:"answer";s:6:"有些";s:6:"weight";s:1:"2";}i:2;a:2:{s:6:"answer";s:6:"经常";s:6:"weight";s:1:"3";}i:3;a:2:{s:6:"answer";s:18:"几乎总是如此";s:6:"weight";s:1:"4";}}', 1),
(219, 7, 34, 29, '我过分忧虑一些事，实际这些事无关紧要', 'a:4:{i:0;a:2:{s:6:"answer";s:12:"几乎没有";s:6:"weight";s:1:"1";}i:1;a:2:{s:6:"answer";s:6:"有些";s:6:"weight";s:1:"2";}i:2;a:2:{s:6:"answer";s:6:"经常";s:6:"weight";s:1:"3";}i:3;a:2:{s:6:"answer";s:18:"几乎总是如此";s:6:"weight";s:1:"4";}}', 1),
(220, 7, 34, 31, '我的思想处于混乱状态', 'a:4:{i:0;a:2:{s:6:"answer";s:12:"几乎没有";s:6:"weight";s:1:"1";}i:1;a:2:{s:6:"answer";s:6:"有些";s:6:"weight";s:1:"2";}i:2;a:2:{s:6:"answer";s:6:"经常";s:6:"weight";s:1:"3";}i:3;a:2:{s:6:"answer";s:18:"几乎总是如此";s:6:"weight";s:1:"4";}}', 1),
(221, 7, 34, 32, '我缺乏自信心', 'a:4:{i:0;a:2:{s:6:"answer";s:12:"几乎没有";s:6:"weight";s:1:"1";}i:1;a:2:{s:6:"answer";s:6:"有些";s:6:"weight";s:1:"2";}i:2;a:2:{s:6:"answer";s:6:"经常";s:6:"weight";s:1:"3";}i:3;a:2:{s:6:"answer";s:18:"几乎总是如此";s:6:"weight";s:1:"4";}}', 1),
(222, 7, 34, 35, '我感到不合适', 'a:4:{i:0;a:2:{s:6:"answer";s:12:"几乎没有";s:6:"weight";s:1:"1";}i:1;a:2:{s:6:"answer";s:6:"有些";s:6:"weight";s:1:"2";}i:2;a:2:{s:6:"answer";s:6:"经常";s:6:"weight";s:1:"3";}i:3;a:2:{s:6:"answer";s:18:"几乎总是如此";s:6:"weight";s:1:"4";}}', 1),
(223, 7, 34, 37, '一些不重要的思想总缠绕着我，并打扰我', 'a:4:{i:0;a:2:{s:6:"answer";s:12:"几乎没有";s:6:"weight";s:1:"1";}i:1;a:2:{s:6:"answer";s:6:"有些";s:6:"weight";s:1:"2";}i:2;a:2:{s:6:"answer";s:6:"经常";s:6:"weight";s:1:"3";}i:3;a:2:{s:6:"answer";s:18:"几乎总是如此";s:6:"weight";s:1:"4";}}', 1),
(224, 7, 34, 38, '我产生的沮丧是如此强烈，以致我不能从思想上排除它们', 'a:4:{i:0;a:2:{s:6:"answer";s:12:"几乎没有";s:6:"weight";s:1:"1";}i:1;a:2:{s:6:"answer";s:6:"有些";s:6:"weight";s:1:"2";}i:2;a:2:{s:6:"answer";s:6:"经常";s:6:"weight";s:1:"3";}i:3;a:2:{s:6:"answer";s:18:"几乎总是如此";s:6:"weight";s:1:"4";}}', 1),
(225, 7, 34, 40, '当我考虑我目前的事情和利益时就陷入紧张状态', 'a:4:{i:0;a:2:{s:6:"answer";s:12:"几乎没有";s:6:"weight";s:1:"1";}i:1;a:2:{s:6:"answer";s:6:"有些";s:6:"weight";s:1:"2";}i:2;a:2:{s:6:"answer";s:6:"经常";s:6:"weight";s:1:"3";}i:3;a:2:{s:6:"answer";s:18:"几乎总是如此";s:6:"weight";s:1:"4";}}', 1),
(226, 8, 35, 1, '失误行为获得高分', 'a:5:{i:0;a:2:{s:6:"answer";s:6:"从不";s:6:"weight";s:1:"1";}i:1;a:2:{s:6:"answer";s:6:"偶尔";s:6:"weight";s:1:"2";}i:2;a:2:{s:6:"answer";s:6:"有时";s:6:"weight";s:1:"3";}i:3;a:2:{s:6:"answer";s:6:"经常";s:6:"weight";s:1:"4";}i:4;a:2:{s:6:"answer";s:6:"一直";s:6:"weight";s:1:"5";}}', 1),
(227, 8, 35, 2, '高峰期道路拥堵时我很急躁', 'a:5:{i:0;a:2:{s:6:"answer";s:6:"从不";s:6:"weight";s:1:"1";}i:1;a:2:{s:6:"answer";s:6:"偶尔";s:6:"weight";s:1:"2";}i:2;a:2:{s:6:"answer";s:6:"有时";s:6:"weight";s:1:"3";}i:3;a:2:{s:6:"answer";s:6:"经常";s:6:"weight";s:1:"4";}i:4;a:2:{s:6:"answer";s:6:"一直";s:6:"weight";s:1:"5";}}', 1),
(228, 8, 35, 3, '晚上或清晨超速行驶', 'a:5:{i:0;a:2:{s:6:"answer";s:6:"从不";s:6:"weight";s:1:"1";}i:1;a:2:{s:6:"answer";s:6:"偶尔";s:6:"weight";s:1:"2";}i:2;a:2:{s:6:"answer";s:6:"有时";s:6:"weight";s:1:"3";}i:3;a:2:{s:6:"answer";s:6:"经常";s:6:"weight";s:1:"4";}i:4;a:2:{s:6:"answer";s:6:"一直";s:6:"weight";s:1:"5";}}', 1),
(229, 8, 36, 4, '红灯时不停车', 'a:5:{i:0;a:2:{s:6:"answer";s:6:"从不";s:6:"weight";s:1:"1";}i:1;a:2:{s:6:"answer";s:6:"偶尔";s:6:"weight";s:1:"2";}i:2;a:2:{s:6:"answer";s:6:"有时";s:6:"weight";s:1:"3";}i:3;a:2:{s:6:"answer";s:6:"经常";s:6:"weight";s:1:"4";}i:4;a:2:{s:6:"answer";s:6:"一直";s:6:"weight";s:1:"5";}}', 1),
(230, 8, 37, 5, '没有注意或预测到另一辆车从旁边开出而难以刹车', 'a:5:{i:0;a:2:{s:6:"answer";s:6:"从不";s:6:"weight";s:1:"1";}i:1;a:2:{s:6:"answer";s:6:"偶尔";s:6:"weight";s:1:"2";}i:2;a:2:{s:6:"answer";s:6:"有时";s:6:"weight";s:1:"3";}i:3;a:2:{s:6:"answer";s:6:"经常";s:6:"weight";s:1:"4";}i:4;a:2:{s:6:"answer";s:6:"一直";s:6:"weight";s:1:"5";}}', 1),
(231, 8, 37, 6, '没有注意行人正在穿越马路而差点出事故', 'a:5:{i:0;a:2:{s:6:"answer";s:6:"从不";s:6:"weight";s:1:"1";}i:1;a:2:{s:6:"answer";s:6:"偶尔";s:6:"weight";s:1:"2";}i:2;a:2:{s:6:"answer";s:6:"有时";s:6:"weight";s:1:"3";}i:3;a:2:{s:6:"answer";s:6:"经常";s:6:"weight";s:1:"4";}i:4;a:2:{s:6:"answer";s:6:"一直";s:6:"weight";s:1:"5";}}', 1),
(232, 8, 36, 7, '驾车时昏昏欲睡', 'a:5:{i:0;a:2:{s:6:"answer";s:6:"从不";s:6:"weight";s:1:"1";}i:1;a:2:{s:6:"answer";s:6:"偶尔";s:6:"weight";s:1:"2";}i:2;a:2:{s:6:"answer";s:6:"有时";s:6:"weight";s:1:"3";}i:3;a:2:{s:6:"answer";s:6:"经常";s:6:"weight";s:1:"4";}i:4;a:2:{s:6:"answer";s:6:"一直";s:6:"weight";s:1:"5";}}', 1),
(233, 8, 36, 8, '饮酒后驾车', 'a:5:{i:0;a:2:{s:6:"answer";s:6:"从不";s:6:"weight";s:1:"1";}i:1;a:2:{s:6:"answer";s:6:"偶尔";s:6:"weight";s:1:"2";}i:2;a:2:{s:6:"answer";s:6:"有时";s:6:"weight";s:1:"3";}i:3;a:2:{s:6:"answer";s:6:"经常";s:6:"weight";s:1:"4";}i:4;a:2:{s:6:"answer";s:6:"一直";s:6:"weight";s:1:"5";}}', 1),
(234, 8, 36, 9, '疲劳驾驶', 'a:5:{i:0;a:2:{s:6:"answer";s:6:"从不";s:6:"weight";s:1:"1";}i:1;a:2:{s:6:"answer";s:6:"偶尔";s:6:"weight";s:1:"2";}i:2;a:2:{s:6:"answer";s:6:"有时";s:6:"weight";s:1:"3";}i:3;a:2:{s:6:"answer";s:6:"经常";s:6:"weight";s:1:"4";}i:4;a:2:{s:6:"answer";s:6:"一直";s:6:"weight";s:1:"5";}}', 1),
(235, 8, 37, 10, '没有注意前面的车或错误判断车速', 'a:5:{i:0;a:2:{s:6:"answer";s:6:"从不";s:6:"weight";s:1:"1";}i:1;a:2:{s:6:"answer";s:6:"偶尔";s:6:"weight";s:1:"2";}i:2;a:2:{s:6:"answer";s:6:"有时";s:6:"weight";s:1:"3";}i:3;a:2:{s:6:"answer";s:6:"经常";s:6:"weight";s:1:"4";}i:4;a:2:{s:6:"answer";s:6:"一直";s:6:"weight";s:1:"5";}}', 1),
(236, 8, 37, 11, '在拐弯处开得太快差点失去控制', 'a:5:{i:0;a:2:{s:6:"answer";s:6:"从不";s:6:"weight";s:1:"1";}i:1;a:2:{s:6:"answer";s:6:"偶尔";s:6:"weight";s:1:"2";}i:2;a:2:{s:6:"answer";s:6:"有时";s:6:"weight";s:1:"3";}i:3;a:2:{s:6:"answer";s:6:"经常";s:6:"weight";s:1:"4";}i:4;a:2:{s:6:"answer";s:6:"一直";s:6:"weight";s:1:"5";}}', 1),
(237, 8, 37, 12, '错误判断超车距离', 'a:5:{i:0;a:2:{s:6:"answer";s:6:"从不";s:6:"weight";s:1:"1";}i:1;a:2:{s:6:"answer";s:6:"偶尔";s:6:"weight";s:1:"2";}i:2;a:2:{s:6:"answer";s:6:"有时";s:6:"weight";s:1:"3";}i:3;a:2:{s:6:"answer";s:6:"经常";s:6:"weight";s:1:"4";}i:4;a:2:{s:6:"answer";s:6:"一直";s:6:"weight";s:1:"5";}}', 1),
(238, 8, 36, 13, '与其他驾驶员赛车', 'a:5:{i:0;a:2:{s:6:"answer";s:6:"从不";s:6:"weight";s:1:"1";}i:1;a:2:{s:6:"answer";s:6:"偶尔";s:6:"weight";s:1:"2";}i:2;a:2:{s:6:"answer";s:6:"有时";s:6:"weight";s:1:"3";}i:3;a:2:{s:6:"answer";s:6:"经常";s:6:"weight";s:1:"4";}i:4;a:2:{s:6:"answer";s:6:"一直";s:6:"weight";s:1:"5";}}', 1),
(239, 8, 35, 14, '当我想超车却不成功时就感觉很受挫', 'a:5:{i:0;a:2:{s:6:"answer";s:6:"从不";s:6:"weight";s:1:"1";}i:1;a:2:{s:6:"answer";s:6:"偶尔";s:6:"weight";s:1:"2";}i:2;a:2:{s:6:"answer";s:6:"有时";s:6:"weight";s:1:"3";}i:3;a:2:{s:6:"answer";s:6:"经常";s:6:"weight";s:1:"4";}i:4;a:2:{s:6:"answer";s:6:"一直";s:6:"weight";s:1:"5";}}', 1),
(240, 8, 35, 15, '超车后我心里特别舒服', 'a:5:{i:0;a:2:{s:6:"answer";s:6:"从不";s:6:"weight";s:1:"1";}i:1;a:2:{s:6:"answer";s:6:"偶尔";s:6:"weight";s:1:"2";}i:2;a:2:{s:6:"answer";s:6:"有时";s:6:"weight";s:1:"3";}i:3;a:2:{s:6:"answer";s:6:"经常";s:6:"weight";s:1:"4";}i:4;a:2:{s:6:"answer";s:6:"一直";s:6:"weight";s:1:"5";}}', 1),
(241, 8, 35, 16, '别的驾驶员驾驶技术不好妨碍我时我就会很生气', 'a:5:{i:0;a:2:{s:6:"answer";s:6:"从不";s:6:"weight";s:1:"1";}i:1;a:2:{s:6:"answer";s:6:"偶尔";s:6:"weight";s:1:"2";}i:2;a:2:{s:6:"answer";s:6:"有时";s:6:"weight";s:1:"3";}i:3;a:2:{s:6:"answer";s:6:"经常";s:6:"weight";s:1:"4";}i:4;a:2:{s:6:"answer";s:6:"一直";s:6:"weight";s:1:"5";}}', 1),
(242, 9, 39, 1, '酒后驾车是非常危险的', 'a:5:{i:0;a:2:{s:6:"answer";s:12:"非常同意";s:6:"weight";s:1:"5";}i:1;a:2:{s:6:"answer";s:12:"比较同意";s:6:"weight";s:1:"4";}i:2;a:2:{s:6:"answer";s:12:"难以确定";s:6:"weight";s:1:"3";}i:3;a:2:{s:6:"answer";s:16:"比较 不同意";s:6:"weight";s:1:"2";}i:4;a:2:{s:6:"answer";s:16:"完全 不同意";s:6:"weight";s:1:"1";}}', 1),
(243, 9, 38, 2, '安全驾驶就是在驾车过程中系上安全带', 'a:5:{i:0;a:2:{s:6:"answer";s:12:"非常同意";s:6:"weight";s:1:"5";}i:1;a:2:{s:6:"answer";s:12:"比较同意";s:6:"weight";s:1:"4";}i:2;a:2:{s:6:"answer";s:12:"难以确定";s:6:"weight";s:1:"3";}i:3;a:2:{s:6:"answer";s:16:"比较 不同意";s:6:"weight";s:1:"2";}i:4;a:2:{s:6:"answer";s:16:"完全 不同意";s:6:"weight";s:1:"1";}}', 1),
(244, 9, 39, 3, '酒后驾车的行为很愚蠢。', 'a:5:{i:0;a:2:{s:6:"answer";s:12:"非常同意";s:6:"weight";s:1:"5";}i:1;a:2:{s:6:"answer";s:12:"比较同意";s:6:"weight";s:1:"4";}i:2;a:2:{s:6:"answer";s:12:"难以确定";s:6:"weight";s:1:"3";}i:3;a:2:{s:6:"answer";s:16:"比较 不同意";s:6:"weight";s:1:"2";}i:4;a:2:{s:6:"answer";s:16:"完全 不同意";s:6:"weight";s:1:"1";}}', 1),
(245, 9, 41, 4, '速度限制太严格，因此驾驶员不遵守也是可以理解的', 'a:5:{i:0;a:2:{s:6:"answer";s:12:"非常同意";s:6:"weight";s:1:"1";}i:1;a:2:{s:6:"answer";s:12:"比较同意";s:6:"weight";s:1:"2";}i:2;a:2:{s:6:"answer";s:12:"难以确定";s:6:"weight";s:1:"3";}i:3;a:2:{s:6:"answer";s:16:"比较 不同意";s:6:"weight";s:1:"4";}i:4;a:2:{s:6:"answer";s:16:"完全 不同意";s:6:"weight";s:1:"5";}}', 1),
(246, 9, 40, 5, '每个人在任何情况下都应该遵守交通规则。', 'a:5:{i:0;a:2:{s:6:"answer";s:12:"非常同意";s:6:"weight";s:1:"5";}i:1;a:2:{s:6:"answer";s:12:"比较同意";s:6:"weight";s:1:"4";}i:2;a:2:{s:6:"answer";s:12:"难以确定";s:6:"weight";s:1:"3";}i:3;a:2:{s:6:"answer";s:16:"比较 不同意";s:6:"weight";s:1:"2";}i:4;a:2:{s:6:"answer";s:16:"完全 不同意";s:6:"weight";s:1:"1";}}', 1),
(247, 9, 39, 6, '我们应该做到一旦饮酒绝不驾车', 'a:5:{i:0;a:2:{s:6:"answer";s:12:"非常同意";s:6:"weight";s:1:"1";}i:1;a:2:{s:6:"answer";s:12:"比较同意";s:6:"weight";s:1:"2";}i:2;a:2:{s:6:"answer";s:12:"难以确定";s:6:"weight";s:1:"3";}i:3;a:2:{s:6:"answer";s:16:"比较 不同意";s:6:"weight";s:1:"4";}i:4;a:2:{s:6:"answer";s:16:"完全 不同意";s:6:"weight";s:1:"5";}}', 1),
(248, 9, 40, 7, '我认为交通规则过于复杂，在实际驾驶过程中不好运用', 'a:5:{i:0;a:2:{s:6:"answer";s:12:"非常同意";s:6:"weight";s:1:"1";}i:1;a:2:{s:6:"answer";s:12:"比较同意";s:6:"weight";s:1:"2";}i:2;a:2:{s:6:"answer";s:12:"难以确定";s:6:"weight";s:1:"3";}i:3;a:2:{s:6:"answer";s:16:"比较 不同意";s:6:"weight";s:1:"4";}i:4;a:2:{s:6:"answer";s:16:"完全 不同意";s:6:"weight";s:1:"5";}}', 1),
(249, 9, 40, 8, '我认为生命来之不易，应该好好珍惜。', 'a:5:{i:0;a:2:{s:6:"answer";s:12:"非常同意";s:6:"weight";s:1:"5";}i:1;a:2:{s:6:"answer";s:12:"比较同意";s:6:"weight";s:1:"4";}i:2;a:2:{s:6:"answer";s:12:"难以确定";s:6:"weight";s:1:"3";}i:3;a:2:{s:6:"answer";s:16:"比较 不同意";s:6:"weight";s:1:"2";}i:4;a:2:{s:6:"answer";s:16:"完全 不同意";s:6:"weight";s:1:"1";}}', 1),
(250, 9, 40, 9, '安全驾驶意味着经常检修你的车。', 'a:5:{i:0;a:2:{s:6:"answer";s:12:"非常同意";s:6:"weight";s:1:"5";}i:1;a:2:{s:6:"answer";s:12:"比较同意";s:6:"weight";s:1:"4";}i:2;a:2:{s:6:"answer";s:12:"难以确定";s:6:"weight";s:1:"3";}i:3;a:2:{s:6:"answer";s:16:"比较 不同意";s:6:"weight";s:1:"2";}i:4;a:2:{s:6:"answer";s:16:"完全 不同意";s:6:"weight";s:1:"1";}}', 1),
(251, 9, 40, 10, '安全驾驶就是遵守交通规则', 'a:5:{i:0;a:2:{s:6:"answer";s:12:"非常同意";s:6:"weight";s:1:"5";}i:1;a:2:{s:6:"answer";s:12:"比较同意";s:6:"weight";s:1:"4";}i:2;a:2:{s:6:"answer";s:12:"难以确定";s:6:"weight";s:1:"3";}i:3;a:2:{s:6:"answer";s:16:"比较 不同意";s:6:"weight";s:1:"2";}i:4;a:2:{s:6:"answer";s:16:"完全 不同意";s:6:"weight";s:1:"1";}}', 1),
(252, 9, 41, 11, '如果你是一个好驾驶员，超速是可以接受的。', 'a:5:{i:0;a:2:{s:6:"answer";s:12:"非常同意";s:6:"weight";s:1:"5";}i:1;a:2:{s:6:"answer";s:12:"比较同意";s:6:"weight";s:1:"4";}i:2;a:2:{s:6:"answer";s:12:"难以确定";s:6:"weight";s:1:"3";}i:3;a:2:{s:6:"answer";s:16:"比较 不同意";s:6:"weight";s:1:"2";}i:4;a:2:{s:6:"answer";s:16:"完全 不同意";s:6:"weight";s:1:"1";}}', 1),
(253, 9, 40, 12, '警察不在场时我才会违反交通规则', 'a:5:{i:0;a:2:{s:6:"answer";s:12:"非常同意";s:6:"weight";s:1:"1";}i:1;a:2:{s:6:"answer";s:12:"比较同意";s:6:"weight";s:1:"2";}i:2;a:2:{s:6:"answer";s:12:"难以确定";s:6:"weight";s:1:"3";}i:3;a:2:{s:6:"answer";s:16:"比较 不同意";s:6:"weight";s:1:"4";}i:4;a:2:{s:6:"answer";s:16:"完全 不同意";s:6:"weight";s:1:"5";}}', 1),
(254, 9, 40, 13, '为了前行有时违反交通规则是必须的。', 'a:5:{i:0;a:2:{s:6:"answer";s:12:"非常同意";s:6:"weight";s:1:"1";}i:1;a:2:{s:6:"answer";s:12:"比较同意";s:6:"weight";s:1:"2";}i:2;a:2:{s:6:"answer";s:12:"难以确定";s:6:"weight";s:1:"3";}i:3;a:2:{s:6:"answer";s:16:"比较 不同意";s:6:"weight";s:1:"4";}i:4;a:2:{s:6:"answer";s:16:"完全 不同意";s:6:"weight";s:1:"5";}}', 1),
(255, 9, 38, 14, '安全驾驶意味着遵守速度限制', 'a:5:{i:0;a:2:{s:6:"answer";s:12:"非常同意";s:6:"weight";s:1:"5";}i:1;a:2:{s:6:"answer";s:12:"比较同意";s:6:"weight";s:1:"4";}i:2;a:2:{s:6:"answer";s:12:"难以确定";s:6:"weight";s:1:"3";}i:3;a:2:{s:6:"answer";s:16:"比较 不同意";s:6:"weight";s:1:"2";}i:4;a:2:{s:6:"answer";s:16:"完全 不同意";s:6:"weight";s:1:"1";}}', 1),
(256, 9, 40, 15, '如果警察没有看到我，我经常违反交通规则。', 'a:5:{i:0;a:2:{s:6:"answer";s:12:"非常同意";s:6:"weight";s:1:"1";}i:1;a:2:{s:6:"answer";s:12:"比较同意";s:6:"weight";s:1:"2";}i:2;a:2:{s:6:"answer";s:12:"难以确定";s:6:"weight";s:1:"3";}i:3;a:2:{s:6:"answer";s:16:"比较 不同意";s:6:"weight";s:1:"4";}i:4;a:2:{s:6:"answer";s:16:"完全 不同意";s:6:"weight";s:1:"5";}}', 1),
(257, 9, 42, 16, '我会疲劳驾驶', 'a:5:{i:0;a:2:{s:6:"answer";s:12:"非常同意";s:6:"weight";s:1:"1";}i:1;a:2:{s:6:"answer";s:12:"比较同意";s:6:"weight";s:1:"2";}i:2;a:2:{s:6:"answer";s:12:"难以确定";s:6:"weight";s:1:"3";}i:3;a:2:{s:6:"answer";s:16:"比较 不同意";s:6:"weight";s:1:"4";}i:4;a:2:{s:6:"answer";s:16:"完全 不同意";s:6:"weight";s:1:"5";}}', 1),
(258, 9, 42, 17, '疲劳驾驶是一定会存在的', 'a:5:{i:0;a:2:{s:6:"answer";s:12:"非常同意";s:6:"weight";s:1:"1";}i:1;a:2:{s:6:"answer";s:12:"比较同意";s:6:"weight";s:1:"2";}i:2;a:2:{s:6:"answer";s:12:"难以确定";s:6:"weight";s:1:"3";}i:3;a:2:{s:6:"answer";s:16:"比较 不同意";s:6:"weight";s:1:"4";}i:4;a:2:{s:6:"answer";s:16:"完全 不同意";s:6:"weight";s:1:"5";}}', 1),
(259, 9, 42, 21, '疲劳驾驶是不可避免的', 'a:5:{i:0;a:2:{s:6:"answer";s:12:"非常同意";s:6:"weight";s:1:"1";}i:1;a:2:{s:6:"answer";s:12:"比较同意";s:6:"weight";s:1:"2";}i:2;a:2:{s:6:"answer";s:12:"难以确定";s:6:"weight";s:1:"3";}i:3;a:2:{s:6:"answer";s:16:"比较 不同意";s:6:"weight";s:1:"4";}i:4;a:2:{s:6:"answer";s:16:"完全 不同意";s:6:"weight";s:1:"5";}}', 1),
(260, 9, 40, 18, '我经常不遵守交通规则，因为很多人都这样', 'a:5:{i:0;a:2:{s:6:"answer";s:12:"非常同意";s:6:"weight";s:1:"1";}i:1;a:2:{s:6:"answer";s:12:"比较同意";s:6:"weight";s:1:"2";}i:2;a:2:{s:6:"answer";s:12:"难以确定";s:6:"weight";s:1:"3";}i:3;a:2:{s:6:"answer";s:15:"比较不同意";s:6:"weight";s:1:"4";}i:4;a:2:{s:6:"answer";s:15:"完全不同意";s:6:"weight";s:1:"5";}}', 1),
(261, 9, 43, 19, '我认为人的生命是很宝贵的，值得尊重和保护。', 'a:5:{i:0;a:2:{s:6:"answer";s:12:"非常同意";s:6:"weight";s:1:"5";}i:1;a:2:{s:6:"answer";s:12:"比较同意";s:6:"weight";s:1:"4";}i:2;a:2:{s:6:"answer";s:12:"难以确定";s:6:"weight";s:1:"3";}i:3;a:2:{s:6:"answer";s:15:"比较不同意";s:6:"weight";s:1:"2";}i:4;a:2:{s:6:"answer";s:15:"完全不同意";s:6:"weight";s:1:"1";}}', 1),
(262, 9, 40, 20, '按照交通规则驾车未免有点幼稚', 'a:5:{i:0;a:2:{s:6:"answer";s:12:"非常同意";s:6:"weight";s:1:"1";}i:1;a:2:{s:6:"answer";s:12:"比较同意";s:6:"weight";s:1:"2";}i:2;a:2:{s:6:"answer";s:12:"难以确定";s:6:"weight";s:1:"3";}i:3;a:2:{s:6:"answer";s:15:"比较不同意";s:6:"weight";s:1:"4";}i:4;a:2:{s:6:"answer";s:15:"完全不同意";s:6:"weight";s:1:"5";}}', 1),
(263, 9, 41, 22, '交通环境允许我超速的话，我肯定会超速的', 'a:5:{i:0;a:2:{s:6:"answer";s:12:"非常同意";s:6:"weight";s:1:"1";}i:1;a:2:{s:6:"answer";s:12:"比较同意";s:6:"weight";s:1:"2";}i:2;a:2:{s:6:"answer";s:12:"难以确定";s:6:"weight";s:1:"3";}i:3;a:2:{s:6:"answer";s:15:"比较不同意";s:6:"weight";s:1:"4";}i:4;a:2:{s:6:"answer";s:15:"完全不同意";s:6:"weight";s:1:"5";}}', 1),
(264, 9, 41, 23, '速度限制总体上来说是没必要的。', 'a:5:{i:0;a:2:{s:6:"answer";s:12:"非常同意";s:6:"weight";s:1:"1";}i:1;a:2:{s:6:"answer";s:12:"比较同意";s:6:"weight";s:1:"2";}i:2;a:2:{s:6:"answer";s:12:"难以确定";s:6:"weight";s:1:"3";}i:3;a:2:{s:6:"answer";s:15:"比较不同意";s:6:"weight";s:1:"4";}i:4;a:2:{s:6:"answer";s:15:"完全不同意";s:6:"weight";s:1:"5";}}', 1),
(265, 9, 41, 24, '每一个生命都值得尊重，我不会随便践踏和伤害别人的生命。', 'a:5:{i:0;a:2:{s:6:"answer";s:12:"非常同意";s:6:"weight";s:1:"1";}i:1;a:2:{s:6:"answer";s:12:"比较同意";s:6:"weight";s:1:"2";}i:2;a:2:{s:6:"answer";s:12:"难以确定";s:6:"weight";s:1:"3";}i:3;a:2:{s:6:"answer";s:15:"比较不同意";s:6:"weight";s:1:"4";}i:4;a:2:{s:6:"answer";s:15:"完全不同意";s:6:"weight";s:1:"5";}}', 1),
(266, 9, 38, 25, '安全驾驶就是在行驶过程中与其它车保持车距。', 'a:5:{i:0;a:2:{s:6:"answer";s:12:"非常同意";s:6:"weight";s:1:"5";}i:1;a:2:{s:6:"answer";s:12:"比较同意";s:6:"weight";s:1:"4";}i:2;a:2:{s:6:"answer";s:12:"难以确定";s:6:"weight";s:1:"3";}i:3;a:2:{s:6:"answer";s:15:"比较不同意";s:6:"weight";s:1:"2";}i:4;a:2:{s:6:"answer";s:15:"完全不同意";s:6:"weight";s:1:"1";}}', 1),
(267, 9, 43, 26, '生命是神圣的，我对它持敬畏的态度。', 'a:5:{i:0;a:2:{s:6:"answer";s:12:"非常同意";s:6:"weight";s:1:"5";}i:1;a:2:{s:6:"answer";s:12:"比较同意";s:6:"weight";s:1:"4";}i:2;a:2:{s:6:"answer";s:12:"难以确定";s:6:"weight";s:1:"3";}i:3;a:2:{s:6:"answer";s:15:"比较不同意";s:6:"weight";s:1:"2";}i:4;a:2:{s:6:"answer";s:15:"完全不同意";s:6:"weight";s:1:"1";}}', 1),
(442, 6, 17, 19, '有度假机会时，我宁愿', 'a:3:{i:0;a:2:{s:6:"answer";s:26:"A.去一个繁华的都市";s:6:"weight";s:1:"2";}i:1;a:2:{s:6:"answer";s:31:"B.介于（A）与（C）之间";s:6:"weight";s:1:"1";}i:2;a:2:{s:6:"answer";s:32:"C.闲居清静而偏僻的郊区";s:6:"weight";s:1:"0";}}', 1),
(443, 6, 17, 26, '在工厂中，我宁愿负责', 'a:3:{i:0;a:2:{s:6:"answer";s:37:"A.去一个繁华的都市A.机械组";s:6:"weight";s:1:"0";}i:1;a:2:{s:6:"answer";s:32:"B. 介于（A）与（C）之间";s:6:"weight";s:1:"1";}i:2;a:2:{s:6:"answer";s:11:"C.人事组";s:6:"weight";s:1:"2";}}', 1),
(444, 6, 17, 22, '在阅读时，我宁愿选读', 'a:3:{i:0;a:2:{s:6:"answer";s:14:"A.太空旅行";s:6:"weight";s:1:"0";}i:1;a:2:{s:6:"answer";s:14:"B.不太确定";s:6:"weight";s:1:"1";}i:2;a:2:{s:6:"answer";s:14:"C.家庭教育";s:6:"weight";s:1:"2";}}', 1),
(445, 6, 17, 51, '我宁愿是一个', 'a:3:{i:0;a:2:{s:6:"answer";s:17:"A.森林保管员";s:6:"weight";s:1:"0";}i:1;a:2:{s:6:"answer";s:11:"B.不一定";s:6:"weight";s:1:"1";}i:2;a:2:{s:6:"answer";s:17:"C.中小学教员";s:6:"weight";s:1:"2";}}', 1),
(446, 6, 17, 52, '每逢年节或亲友生日，我', 'a:3:{i:0;a:2:{s:6:"answer";s:26:"A.喜欢互相赠送礼物";s:6:"weight";s:1:"2";}i:1;a:2:{s:6:"answer";s:14:"B.不太确定";s:6:"weight";s:1:"1";}i:2;a:2:{s:6:"answer";s:35:"C.觉得交换礼物是麻烦多事";s:6:"weight";s:1:"0";}}', 1),
(447, 6, 18, 53, '下列数字中，哪个数字与其他两个数字属于不同类别', 'a:3:{i:0;a:2:{s:6:"answer";s:3:"A.5";s:6:"weight";s:1:"0";}i:1;a:2:{s:6:"answer";s:3:"B.2";s:6:"weight";s:1:"1";}i:2;a:2:{s:6:"answer";s:3:"C.7";s:6:"weight";s:1:"0";}}', 1),
(448, 6, 17, 76, '如果薪资待遇相等，我宁愿做', 'a:3:{i:0;a:2:{s:6:"answer";s:23:"A.一个化学研究师";s:6:"weight";s:1:"0";}i:1;a:2:{s:6:"answer";s:11:"B.不确定";s:6:"weight";s:1:"1";}i:2;a:2:{s:6:"answer";s:17:"C.旅行社经理";s:6:"weight";s:1:"2";}}', 1),
(449, 6, 17, 101, '我更愿意做一名', 'a:3:{i:0;a:2:{s:6:"answer";s:11:"A.列车员";s:6:"weight";s:1:"2";}i:1;a:2:{s:6:"answer";s:11:"B.不确定";s:6:"weight";s:1:"1";}i:2;a:2:{s:6:"answer";s:11:"C.制图师";s:6:"weight";s:1:"0";}}', 1),
(450, 6, 17, 126, '如果薪资待遇相等，我宁愿做一个', 'a:3:{i:0;a:2:{s:6:"answer";s:8:"A.律师";s:6:"weight";s:1:"2";}i:1;a:2:{s:6:"answer";s:11:"B.不确定";s:6:"weight";s:1:"1";}i:2;a:2:{s:6:"answer";s:23:"C.飞行员或航海员";s:6:"weight";s:1:"0";}}', 1),
(451, 6, 17, 151, '为了培养个人的兴趣，我愿意参加', 'a:3:{i:0;a:2:{s:6:"answer";s:11:"A.摄影组";s:6:"weight";s:1:"0";}i:1;a:2:{s:6:"answer";s:11:"B.不确定";s:6:"weight";s:1:"1";}i:2;a:2:{s:6:"answer";s:11:"C.辨论会";s:6:"weight";s:1:"2";}}', 1),
(452, 6, 17, 176, '我宁愿', 'a:3:{i:0;a:2:{s:6:"answer";s:26:"A.负责带领儿童游戏";s:6:"weight";s:1:"2";}i:1;a:2:{s:6:"answer";s:11:"B.不确定";s:6:"weight";s:1:"1";}i:2;a:2:{s:6:"answer";s:20:"C.协助钟表修理";s:6:"weight";s:1:"0";}}', 1),
(453, 6, 18, 28, '下列三个字中哪个字与其他两个字属于不同类别', 'a:3:{i:0;a:2:{s:6:"answer";s:5:"A.狗";s:6:"weight";s:1:"0";}i:1;a:2:{s:6:"answer";s:5:"B.石";s:6:"weight";s:1:"1";}i:2;a:2:{s:6:"answer";s:5:"C.牛";s:6:"weight";s:1:"0";}}', 1),
(454, 6, 18, 54, '“猫”与“鱼”就如同“牛”与', 'a:3:{i:0;a:2:{s:6:"answer";s:8:"A.牛乳";s:6:"weight";s:1:"0";}i:1;a:2:{s:6:"answer";s:8:"B.牧草";s:6:"weight";s:1:"1";}i:2;a:2:{s:6:"answer";s:5:"C.盐";s:6:"weight";s:1:"0";}}', 1),
(455, 6, 18, 77, '“惊讶”与“新奇”犹如“惧怕”与', 'a:3:{i:0;a:2:{s:6:"answer";s:8:"A.勇敢";s:6:"weight";s:1:"0";}i:1;a:2:{s:6:"answer";s:8:"B.焦虑";s:6:"weight";s:1:"0";}i:2;a:2:{s:6:"answer";s:8:"C.恐怖";s:6:"weight";s:1:"1";}}', 1),
(456, 6, 18, 78, '下列三个分数中，哪一个与其他两个属不同类别？', 'a:3:{i:0;a:2:{s:6:"answer";s:5:"A.3/7";s:6:"weight";s:1:"0";}i:1;a:2:{s:6:"answer";s:5:"B.3/9";s:6:"weight";s:1:"1";}i:2;a:2:{s:6:"answer";s:6:"C.3/11";s:6:"weight";s:1:"0";}}', 1),
(457, 6, 18, 102, '“理不胜辞”的意思是', 'a:3:{i:0;a:2:{s:6:"answer";s:14:"A.理不如辞";s:6:"weight";s:1:"0";}i:1;a:2:{s:6:"answer";s:17:"B.理多而辞寡";s:6:"weight";s:1:"0";}i:2;a:2:{s:6:"answer";s:29:"C.辞藻丰富而理由不足";s:6:"weight";s:1:"1";}}', 1),
(458, 6, 18, 103, '“锄头”与“挖掘”犹如“刀子”与', 'a:3:{i:0;a:2:{s:6:"answer";s:8:"A.雕刻";s:6:"weight";s:1:"0";}i:1;a:2:{s:6:"answer";s:8:"B.切割";s:6:"weight";s:1:"1";}i:2;a:2:{s:6:"answer";s:8:"C.铲除";s:6:"weight";s:1:"0";}}', 1),
(459, 6, 18, 127, '时间永恒是比喻', 'a:3:{i:0;a:2:{s:6:"answer";s:20:"A.时间过得很慢";s:6:"weight";s:1:"0";}i:1;a:2:{s:6:"answer";s:14:"B.忘了时间";s:6:"weight";s:1:"0";}i:2;a:2:{s:6:"answer";s:23:"C.光阴一去不复返";s:6:"weight";s:1:"1";}}', 1),
(460, 6, 18, 128, '下列三项记号中，哪一项应紧接：╳〇〇〇〇╳╳〇〇〇╳╳╳', 'a:3:{i:0;a:2:{s:6:"answer";s:11:"A.╳〇╳";s:6:"weight";s:1:"0";}i:1;a:2:{s:6:"answer";s:11:"B.〇〇╳";s:6:"weight";s:1:"1";}i:2;a:2:{s:6:"answer";s:11:"C.〇╳╳";s:6:"weight";s:1:"0";}}', 1),
(461, 6, 18, 152, '星火和燎原对等于姑息和', 'a:3:{i:0;a:2:{s:6:"answer";s:8:"A.同情";s:6:"weight";s:1:"0";}i:1;a:2:{s:6:"answer";s:8:"B.养奸";s:6:"weight";s:1:"1";}i:2;a:2:{s:6:"answer";s:8:"C.纵容";s:6:"weight";s:1:"0";}}', 1),
(462, 6, 18, 153, '“钟表”与“时间”犹如“裁缝”与', 'a:3:{i:0;a:2:{s:6:"answer";s:8:"A.西装";s:6:"weight";s:1:"0";}i:1;a:2:{s:6:"answer";s:8:"B.剪刀";s:6:"weight";s:1:"0";}i:2;a:2:{s:6:"answer";s:8:"C.布料";s:6:"weight";s:1:"1";}}', 1),
(463, 6, 18, 177, '“一人（ ）事，众人受累”，我对这句话的反应是', 'a:3:{i:0;a:2:{s:6:"answer";s:5:"A.愤";s:6:"weight";s:1:"1";}i:1;a:2:{s:6:"answer";s:5:"B.偾";s:6:"weight";s:1:"0";}i:2;a:2:{s:6:"answer";s:5:"C.喷";s:6:"weight";s:1:"0";}}', 1),
(464, 6, 18, 178, '望子成龙的家长往往( )苗助长', 'a:3:{i:0;a:2:{s:6:"answer";s:5:"A.揠";s:6:"weight";s:1:"1";}i:1;a:2:{s:6:"answer";s:5:"B.堰";s:6:"weight";s:1:"0";}i:2;a:2:{s:6:"answer";s:5:"C.偃";s:6:"weight";s:1:"0";}}', 1),
(465, 6, 18, 180, '因为我对于一切问题都有些见解，大家都公认我是个富有思想的人', 'a:3:{i:0;a:2:{s:6:"answer";s:8:"A.是的";s:6:"weight";s:1:"0";}i:1;a:2:{s:6:"answer";s:32:"B. 介于（A）与（C）之间";s:6:"weight";s:1:"0";}i:2;a:2:{s:6:"answer";s:11:"C.不是的";s:6:"weight";s:1:"0";}}', 1),
(466, 6, 19, 20, '我有足够的能力应付困难', 'a:3:{i:0;a:2:{s:6:"answer";s:8:"A.是的";s:6:"weight";s:1:"2";}i:1;a:2:{s:6:"answer";s:11:"B.不一定";s:6:"weight";s:1:"1";}i:2;a:2:{s:6:"answer";s:11:"C.不是的";s:6:"weight";s:1:"0";}}', 1),
(467, 6, 19, 21, '即使是关在铁笼内的猛兽也会使我见了惴惴不安', 'a:3:{i:0;a:2:{s:6:"answer";s:8:"A.是的";s:6:"weight";s:1:"0";}i:1;a:2:{s:6:"answer";s:11:"B.不一定";s:6:"weight";s:1:"1";}i:2;a:2:{s:6:"answer";s:11:"C.不是的";s:6:"weight";s:1:"2";}}', 1),
(468, 6, 19, 29, '如果我能重新做人，我要', 'a:3:{i:0;a:2:{s:6:"answer";s:35:"A.把生活安排得和以前不同";s:6:"weight";s:1:"0";}i:1;a:2:{s:6:"answer";s:11:"B.不确定";s:6:"weight";s:1:"1";}i:2;a:2:{s:6:"answer";s:26:"C.生活得和以前相仿";s:6:"weight";s:1:"2";}}', 1),
(469, 6, 19, 30, '在我一生之中，我总能达到我所预期的目标', 'a:3:{i:0;a:2:{s:6:"answer";s:8:"A.是的";s:6:"weight";s:1:"0";}i:1;a:2:{s:6:"answer";s:11:"B.不一定";s:6:"weight";s:1:"1";}i:2;a:2:{s:6:"answer";s:11:"C.不是的";s:6:"weight";s:1:"2";}}', 1),
(470, 6, 20, 31, '当我说谎时，我总觉内心不安，不敢正视对方', 'a:3:{i:0;a:2:{s:6:"answer";s:8:"A.是的";s:6:"weight";s:1:"0";}i:1;a:2:{s:6:"answer";s:11:"B.不一定";s:6:"weight";s:1:"1";}i:2;a:2:{s:6:"answer";s:11:"C.不是的";s:6:"weight";s:1:"2";}}', 1),
(471, 6, 19, 55, '在为人处事的各个方面，我的父母很值得敬佩', 'a:3:{i:0;a:2:{s:6:"answer";s:8:"A.是的";s:6:"weight";s:1:"2";}i:1;a:2:{s:6:"answer";s:11:"B.不一定";s:6:"weight";s:1:"1";}i:2;a:2:{s:6:"answer";s:11:"C.不是的";s:6:"weight";s:1:"0";}}', 1),
(472, 6, 19, 79, '不知什么缘故，有些人故意回避或冷淡我', 'a:3:{i:0;a:2:{s:6:"answer";s:8:"A.是的";s:6:"weight";s:1:"0";}i:1;a:2:{s:6:"answer";s:11:"B.不一定";s:6:"weight";s:1:"1";}i:2;a:2:{s:6:"answer";s:11:"C.不是的";s:6:"weight";s:1:"2";}}', 1),
(473, 6, 19, 80, '我虽善意待人，却得不到好报', 'a:3:{i:0;a:2:{s:6:"answer";s:8:"A.是的";s:6:"weight";s:1:"0";}i:1;a:2:{s:6:"answer";s:11:"B.不一定";s:6:"weight";s:1:"1";}i:2;a:2:{s:6:"answer";s:11:"C.不是的";s:6:"weight";s:1:"2";}}', 1),
(474, 6, 19, 104, '我常横过街道，以回避我不愿意招呼的人', 'a:3:{i:0;a:2:{s:6:"answer";s:14:"A.很少如此";s:6:"weight";s:1:"2";}i:1;a:2:{s:6:"answer";s:14:"A.很少如此";s:6:"weight";s:1:"1";}i:2;a:2:{s:6:"answer";s:14:"C.有时如此";s:6:"weight";s:1:"0";}}', 1),
(475, 6, 19, 105, '在我倾听音乐时，如果人家高谈阔论', 'a:3:{i:0;a:2:{s:6:"answer";s:44:"A.我仍然能够专心倾听，不受影响";s:6:"weight";s:1:"2";}i:1;a:2:{s:6:"answer";s:32:"B. 介于（A）与（C）之间";s:6:"weight";s:1:"1";}i:2;a:2:{s:6:"answer";s:47:"C.我会因为不能专心欣赏而感到恼怒";s:6:"weight";s:1:"0";}}', 1),
(476, 6, 19, 129, '在陌生的地方，我仍能清楚地辨别东西南北的方向', 'a:3:{i:0;a:2:{s:6:"answer";s:8:"A.是的";s:6:"weight";s:1:"2";}i:1;a:2:{s:6:"answer";s:32:"B. 介于（A）与（C）之间";s:6:"weight";s:1:"1";}i:2;a:2:{s:6:"answer";s:11:"C.不是的";s:6:"weight";s:1:"0";}}', 1),
(477, 6, 19, 130, '我的确比一般人幸运，因为我能从事自己乐意从事的工作', 'a:3:{i:0;a:2:{s:6:"answer";s:8:"A.是的";s:6:"weight";s:1:"2";}i:1;a:2:{s:6:"answer";s:11:"B.不一定";s:6:"weight";s:1:"1";}i:2;a:2:{s:6:"answer";s:11:"C.不是的";s:6:"weight";s:1:"0";}}', 1),
(478, 6, 19, 154, '生动的梦境常常滋扰我的睡眠', 'a:3:{i:0;a:2:{s:6:"answer";s:14:"A.时常如此";s:6:"weight";s:1:"0";}i:1;a:2:{s:6:"answer";s:14:"B.偶然如此";s:6:"weight";s:1:"1";}i:2;a:2:{s:6:"answer";s:14:"C.从未如此";s:6:"weight";s:1:"2";}}', 1),
(479, 6, 19, 179, '气候的转变并不影响我的情绪', 'a:3:{i:0;a:2:{s:6:"answer";s:8:"A.是的";s:6:"weight";s:1:"2";}i:1;a:2:{s:6:"answer";s:32:"B. 介于（A）与（C）之间";s:6:"weight";s:1:"1";}i:2;a:2:{s:6:"answer";s:11:"C.不是的";s:6:"weight";s:1:"0";}}', 1),
(480, 6, 20, 22, '我总避免批评别人的言行', 'a:3:{i:0;a:2:{s:6:"answer";s:8:"A.是的";s:6:"weight";s:1:"0";}i:1;a:2:{s:6:"answer";s:14:"B.有时如此";s:6:"weight";s:1:"1";}i:2;a:2:{s:6:"answer";s:11:"C.不是的";s:6:"weight";s:1:"2";}}', 1),
(481, 6, 20, 23, '我的思想似乎', 'a:3:{i:0;a:2:{s:6:"answer";s:26:"A.走在了时代的前面";s:6:"weight";s:1:"2";}i:1;a:2:{s:6:"answer";s:14:"B.不太确定";s:6:"weight";s:1:"1";}i:2;a:2:{s:6:"answer";s:17:"C.正符合时代";s:6:"weight";s:1:"0";}}', 1),
(482, 6, 20, 32, '假如我手持一支装有子弹的手枪，我必须取出子弹后才能安心', 'a:3:{i:0;a:2:{s:6:"answer";s:8:"A.是的";s:6:"weight";s:1:"0";}i:1;a:2:{s:6:"answer";s:32:"B. 介于（A）与（C）之间";s:6:"weight";s:1:"1";}i:2;a:2:{s:6:"answer";s:11:"C.不是的";s:6:"weight";s:1:"2";}}', 1),
(483, 6, 20, 56, '我觉得我有一些别人所不及的优良品质', 'a:3:{i:0;a:2:{s:6:"answer";s:8:"A.是的";s:6:"weight";s:1:"2";}i:1;a:2:{s:6:"answer";s:11:"B.不一定";s:6:"weight";s:1:"1";}i:2;a:2:{s:6:"answer";s:11:"C.不是的";s:6:"weight";s:1:"0";}}', 1),
(484, 6, 20, 57, '只要有利于大家，尽管别人认为卑贱的工作，我也乐而为之', 'a:3:{i:0;a:2:{s:6:"answer";s:8:"A.是的";s:6:"weight";s:1:"0";}i:1;a:2:{s:6:"answer";s:14:"B.不太确定";s:6:"weight";s:1:"1";}i:2;a:2:{s:6:"answer";s:11:"C.不是的";s:6:"weight";s:1:"2";}}', 1),
(485, 6, 20, 81, '我不喜欢那些夜郎自大，目空一切的人', 'a:3:{i:0;a:2:{s:6:"answer";s:8:"A.是的";s:6:"weight";s:1:"0";}i:1;a:2:{s:6:"answer";s:32:"B. 介于（A）与（C）之间";s:6:"weight";s:1:"1";}i:2;a:2:{s:6:"answer";s:11:"C.不是的";s:6:"weight";s:1:"2";}}', 1),
(486, 6, 20, 106, '在课堂上，如果我的意见与老师不同，我常', 'a:3:{i:0;a:2:{s:6:"answer";s:14:"A.保持缄默";s:6:"weight";s:1:"0";}i:1;a:2:{s:6:"answer";s:11:"B.不一定";s:6:"weight";s:1:"1";}i:2;a:2:{s:6:"answer";s:20:"C.当场表明立场";s:6:"weight";s:1:"2";}}', 1),
(487, 6, 20, 131, '如果我急于想借用别人的东西而物主恰又不在，我认为不告而取亦无大碍', 'a:3:{i:0;a:2:{s:6:"answer";s:8:"A.是的";s:6:"weight";s:1:"2";}i:1;a:2:{s:6:"answer";s:32:"B. 介于（A）与（C）之间";s:6:"weight";s:1:"1";}i:2;a:2:{s:6:"answer";s:11:"C.不是的";s:6:"weight";s:1:"0";}}', 1),
(488, 6, 20, 155, '我过去曾撕毁一些限制人们自由的布告', 'a:3:{i:0;a:2:{s:6:"answer";s:8:"A.是的";s:6:"weight";s:1:"2";}i:1;a:2:{s:6:"answer";s:32:"B. 介于（A）与（C）之间";s:6:"weight";s:1:"1";}i:2;a:2:{s:6:"answer";s:11:"C.不是的";s:6:"weight";s:1:"0";}}', 1),
(489, 6, 20, 156, '在一个陌生的城市中，我会', 'a:3:{i:0;a:2:{s:6:"answer";s:14:"A.到处闲逛";s:6:"weight";s:1:"2";}i:1;a:2:{s:6:"answer";s:11:"B.不确定";s:6:"weight";s:1:"1";}i:2;a:2:{s:6:"answer";s:32:"C.避免去较不安全的地方";s:6:"weight";s:1:"0";}}', 1),
(490, 6, 20, 180, '因为我对于一切问题都有些见解，大家都公认我是个富有思想的人', 'a:3:{i:0;a:2:{s:6:"answer";s:8:"A.是的";s:6:"weight";s:1:"2";}i:1;a:2:{s:6:"answer";s:32:"B. 介于（A）与（C）之间";s:6:"weight";s:1:"1";}i:2;a:2:{s:6:"answer";s:11:"C.不是的";s:6:"weight";s:1:"0";}}', 1),
(491, 6, 20, 181, '我讲话的声音', 'a:3:{i:0;a:2:{s:6:"answer";s:8:"A.宏亮";s:6:"weight";s:1:"2";}i:1;a:2:{s:6:"answer";s:32:"B. 介于（A）与（C）之间";s:6:"weight";s:1:"1";}i:2;a:2:{s:6:"answer";s:8:"C.低沉";s:6:"weight";s:1:"0";}}', 1),
(492, 6, 21, 24, '我不擅长说笑话讲趣事', 'a:3:{i:0;a:2:{s:6:"answer";s:8:"A.是的";s:6:"weight";s:1:"0";}i:1;a:2:{s:6:"answer";s:33:"B. 介于（A）与（C）之间 ";s:6:"weight";s:1:"1";}i:2;a:2:{s:6:"answer";s:11:"C.不是的";s:6:"weight";s:1:"2";}}', 1),
(493, 6, 21, 33, '朋友们大都认为我是一个说话风趣的人', 'a:3:{i:0;a:2:{s:6:"answer";s:8:"A.是的";s:6:"weight";s:1:"2";}i:1;a:2:{s:6:"answer";s:11:"B.不一定";s:6:"weight";s:1:"1";}i:2;a:2:{s:6:"answer";s:11:"C.不是的";s:6:"weight";s:1:"0";}}', 1),
(494, 6, 21, 58, '我喜欢看电影或参加其他娱乐活动', 'a:3:{i:0;a:2:{s:6:"answer";s:37:"A.每周一次以上(比一般人多)";s:6:"weight";s:1:"2";}i:1;a:2:{s:6:"answer";s:34:"B.每周一次(与通常人相似)";s:6:"weight";s:1:"1";}i:2;a:2:{s:6:"answer";s:31:"C.偶然一次(比通常人少)";s:6:"weight";s:1:"0";}}', 1),
(495, 6, 21, 82, '和一般人相比，我的朋友的确太少', 'a:3:{i:0;a:2:{s:6:"answer";s:8:"A.是的";s:6:"weight";s:1:"0";}i:1;a:2:{s:6:"answer";s:32:"B. 介于（A）与（C）之间";s:6:"weight";s:1:"1";}i:2;a:2:{s:6:"answer";s:11:"C.不是的";s:6:"weight";s:1:"2";}}', 1),
(496, 6, 21, 83, '除非迫不得已，我才参加社交集会，否则我总设法回避', 'a:3:{i:0;a:2:{s:6:"answer";s:8:"A.是的";s:6:"weight";s:1:"0";}i:1;a:2:{s:6:"answer";s:11:"B.不一定";s:6:"weight";s:1:"1";}i:2;a:2:{s:6:"answer";s:11:"C.不是的";s:6:"weight";s:1:"2";}}', 1),
(497, 6, 21, 107, '我和异性朋友交谈时，竭力避免涉及有关性的话题', 'a:3:{i:0;a:2:{s:6:"answer";s:8:"A.是的";s:6:"weight";s:1:"0";}i:1;a:2:{s:6:"answer";s:32:"B. 介于（A）与（C）之间";s:6:"weight";s:1:"1";}i:2;a:2:{s:6:"answer";s:11:"C.不是的";s:6:"weight";s:1:"2";}}', 1),
(498, 6, 21, 108, '我待人接物的确不太成功', 'a:3:{i:0;a:2:{s:6:"answer";s:8:"A.是的";s:6:"weight";s:1:"0";}i:1;a:2:{s:6:"answer";s:11:"B.不尽然";s:6:"weight";s:1:"1";}i:2;a:2:{s:6:"answer";s:11:"C.不是的";s:6:"weight";s:1:"2";}}', 1),
(499, 6, 21, 132, '我喜欢向友人讲述一些已往有趣的社交经验', 'a:3:{i:0;a:2:{s:6:"answer";s:8:"A.是的";s:6:"weight";s:1:"2";}i:1;a:2:{s:6:"answer";s:33:"B. 介于（A）与（C）之间 ";s:6:"weight";s:1:"1";}i:2;a:2:{s:6:"answer";s:11:"C.不是的";s:6:"weight";s:1:"0";}}', 1),
(500, 6, 21, 133, '我更愿意做一名', 'a:3:{i:0;a:2:{s:6:"answer";s:8:"A.演员";s:6:"weight";s:1:"2";}i:1;a:2:{s:6:"answer";s:11:"B.不确定";s:6:"weight";s:1:"1";}i:2;a:2:{s:6:"answer";s:11:"C.建筑师";s:6:"weight";s:1:"0";}}', 1),
(501, 6, 21, 157, '我宁愿服饰素洁大方，而不愿争奇斗艳惹人注目', 'a:3:{i:0;a:2:{s:6:"answer";s:8:"A.是的";s:6:"weight";s:1:"0";}i:1;a:2:{s:6:"answer";s:14:"B.不太确定";s:6:"weight";s:1:"1";}i:2;a:2:{s:6:"answer";s:11:"C.不是的";s:6:"weight";s:1:"2";}}', 1),
(502, 6, 21, 158, '黄昏时，安静的娱乐远胜过热闹的宴会', 'a:3:{i:0;a:2:{s:6:"answer";s:8:"A.是的";s:6:"weight";s:1:"0";}i:1;a:2:{s:6:"answer";s:14:"B.不太确定";s:6:"weight";s:1:"1";}i:2;a:2:{s:6:"answer";s:11:"C.不是的";s:6:"weight";s:1:"2";}}', 1),
(503, 6, 21, 182, '人们公认我是一个活跃热情的人', 'a:3:{i:0;a:2:{s:6:"answer";s:8:"A.是的";s:6:"weight";s:1:"2";}i:1;a:2:{s:6:"answer";s:32:"B. 介于（A）与（C）之间";s:6:"weight";s:1:"1";}i:2;a:2:{s:6:"answer";s:11:"C.不是的";s:6:"weight";s:1:"0";}}', 1),
(504, 6, 21, 183, '我喜欢有旅行和变动机会的工作，而不计较工作本身之是否有保障', 'a:3:{i:0;a:2:{s:6:"answer";s:8:"A.是的";s:6:"weight";s:1:"2";}i:1;a:2:{s:6:"answer";s:32:"B. 介于（A）与（C）之间";s:6:"weight";s:1:"1";}i:2;a:2:{s:6:"answer";s:11:"C.不是的";s:6:"weight";s:1:"0";}}', 1),
(505, 6, 22, 25, '当我看到亲友邻居争执时，我总是', 'a:3:{i:0;a:2:{s:6:"answer";s:20:"A.任其自己解决";s:6:"weight";s:1:"0";}i:1;a:2:{s:6:"answer";s:32:"B. 介于（A）与（C）之间";s:6:"weight";s:1:"1";}i:2;a:2:{s:6:"answer";s:14:"C.予以劝解";s:6:"weight";s:1:"2";}}', 1);
INSERT INTO `questions` (`qid`, `gid`, `dimension_id`, `sequence`, `content`, `choices`, `single`) VALUES
(506, 6, 22, 34, '如果人们知道我的内心世界，他们都会感到惊讶', 'a:3:{i:0;a:2:{s:6:"answer";s:8:"A.是的";s:6:"weight";s:1:"0";}i:1;a:2:{s:6:"answer";s:11:"B.不一定";s:6:"weight";s:1:"1";}i:2;a:2:{s:6:"answer";s:11:"C.不是的";s:6:"weight";s:1:"2";}}', 1),
(507, 6, 22, 59, '我喜欢从事需要精确技术的工作', 'a:3:{i:0;a:2:{s:6:"answer";s:8:"A.是的";s:6:"weight";s:1:"0";}i:1;a:2:{s:6:"answer";s:32:"B. 介于（A）与（C）之间";s:6:"weight";s:1:"1";}i:2;a:2:{s:6:"answer";s:11:"C.不是的";s:6:"weight";s:1:"2";}}', 1),
(508, 6, 22, 84, '在服务机关中，对上级的逢迎得当，比工作上的表现更为重要', 'a:3:{i:0;a:2:{s:6:"answer";s:8:"A.是的";s:6:"weight";s:1:"0";}i:1;a:2:{s:6:"answer";s:32:"B. 介于（A）与（C）之间";s:6:"weight";s:1:"1";}i:2;a:2:{s:6:"answer";s:11:"C.不是的";s:6:"weight";s:1:"2";}}', 1),
(509, 6, 22, 109, '每当考虑困难问题时，我总是', 'a:3:{i:0;a:2:{s:6:"answer";s:23:"A.一切都未雨稠缪";s:6:"weight";s:1:"2";}i:1;a:2:{s:6:"answer";s:31:"B.介于（A）与（B）之间";s:6:"weight";s:1:"1";}i:2;a:2:{s:6:"answer";s:11:"C.不是的";s:6:"weight";s:1:"0";}}', 1),
(510, 6, 22, 134, '工作学习之余，我总要安排计划，不使时间浪费', 'a:3:{i:0;a:2:{s:6:"answer";s:8:"A.是的";s:6:"weight";s:1:"2";}i:1;a:2:{s:6:"answer";s:31:"B.介于（A）与（B）之间";s:6:"weight";s:1:"1";}i:2;a:2:{s:6:"answer";s:11:"C.不是的";s:6:"weight";s:1:"0";}}', 1),
(511, 6, 22, 159, '我常常明知故犯，不愿意接受好心的建议', 'a:3:{i:0;a:2:{s:6:"answer";s:14:"A.偶然如此";s:6:"weight";s:1:"0";}i:1;a:2:{s:6:"answer";s:14:"B.罕有如此";s:6:"weight";s:1:"1";}i:2;a:2:{s:6:"answer";s:14:"C.从不如此";s:6:"weight";s:1:"2";}}', 1),
(512, 6, 22, 160, '我总把“是非”“善恶”作为判断或取舍的原则', 'a:3:{i:0;a:2:{s:6:"answer";s:8:"A.是的";s:6:"weight";s:1:"2";}i:1;a:2:{s:6:"answer";s:32:"B. 介于（A）与（C）之间";s:6:"weight";s:1:"1";}i:2;a:2:{s:6:"answer";s:11:"C.不是的";s:6:"weight";s:1:"0";}}', 1),
(513, 6, 22, 184, '我治事严格，凡事都务求尽善尽美', 'a:3:{i:0;a:2:{s:6:"answer";s:8:"A.是的";s:6:"weight";s:1:"2";}i:1;a:2:{s:6:"answer";s:32:"B. 介于（A）与（C）之间";s:6:"weight";s:1:"1";}i:2;a:2:{s:6:"answer";s:11:"C.不是的";s:6:"weight";s:1:"0";}}', 1),
(514, 6, 22, 185, '我治事严格，凡事都务求尽善尽美', 'a:3:{i:0;a:2:{s:6:"answer";s:8:"A.是的";s:6:"weight";s:1:"2";}i:1;a:2:{s:6:"answer";s:32:"B. 介于（A）与（C）之间";s:6:"weight";s:1:"1";}i:2;a:2:{s:6:"answer";s:11:"C.不是的";s:6:"weight";s:1:"0";}}', 1),
(515, 6, 23, 26, '在社交场合中，我', 'a:3:{i:0;a:2:{s:6:"answer";s:14:"A.谈吐自然";s:6:"weight";s:1:"2";}i:1;a:2:{s:6:"answer";s:32:"B. 介于（A）与（C）之间";s:6:"weight";s:1:"1";}i:2;a:2:{s:6:"answer";s:29:"C.退避三舍，保持沉默";s:6:"weight";s:1:"0";}}', 1),
(516, 6, 23, 35, '在社交场合中，如果我突然成为众人关注的中心，我会感到局促不安', 'a:3:{i:0;a:2:{s:6:"answer";s:8:"A.是的";s:6:"weight";s:1:"0";}i:1;a:2:{s:6:"answer";s:32:"B. 介于（A）与（C）之间";s:6:"weight";s:1:"1";}i:2;a:2:{s:6:"answer";s:8:"A.是的";s:6:"weight";s:1:"2";}}', 1),
(517, 6, 23, 36, '我总喜欢参加规模庞大的聚会、舞会或公共集会', 'a:3:{i:0;a:2:{s:6:"answer";s:8:"A.是的";s:6:"weight";s:1:"2";}i:1;a:2:{s:6:"answer";s:32:"B. 介于（A）与（C）之间";s:6:"weight";s:1:"1";}i:2;a:2:{s:6:"answer";s:12:" C.不是的";s:6:"weight";s:1:"0";}}', 1),
(518, 6, 23, 60, '在有思想、有地位的长者面前，我总较为缄默', 'a:3:{i:0;a:2:{s:6:"answer";s:8:"A.是的";s:6:"weight";s:1:"0";}i:1;a:2:{s:6:"answer";s:32:"B. 介于（A）与（C）之间";s:6:"weight";s:1:"1";}i:2;a:2:{s:6:"answer";s:11:"C.不是的";s:6:"weight";s:1:"2";}}', 1),
(519, 6, 23, 61, '对我来说，在大众前演讲或表演是一件不容易的事', 'a:3:{i:0;a:2:{s:6:"answer";s:8:"A.是的";s:6:"weight";s:1:"0";}i:1;a:2:{s:6:"answer";s:32:"B. 介于（A）与（C）之间";s:6:"weight";s:1:"1";}i:2;a:2:{s:6:"answer";s:11:"C.不是的";s:6:"weight";s:1:"2";}}', 1),
(520, 6, 23, 85, '参加竞赛时，我看重的是竞赛活动，而不计较其成败', 'a:3:{i:0;a:2:{s:6:"answer";s:14:"A.总是如此";s:6:"weight";s:1:"0";}i:1;a:2:{s:6:"answer";s:14:"B.一般如此";s:6:"weight";s:1:"1";}i:2;a:2:{s:6:"answer";s:14:"C.偶然如此";s:6:"weight";s:1:"2";}}', 1),
(521, 6, 23, 86, '我宁愿我所从事的职业有', 'a:3:{i:0;a:2:{s:6:"answer";s:23:"A.固定可靠的薪水";s:6:"weight";s:1:"0";}i:1;a:2:{s:6:"answer";s:32:"B. 介于（A）与（C）之间";s:6:"weight";s:1:"1";}i:2;a:2:{s:6:"answer";s:53:"C.薪资高低能随我工作的表现而随时调整";s:6:"weight";s:1:"2";}}', 1),
(522, 6, 23, 110, '我所结交的朋友中，男女各占一半', 'a:3:{i:0;a:2:{s:6:"answer";s:8:"A.是的";s:6:"weight";s:1:"2";}i:1;a:2:{s:6:"answer";s:32:"B. 介于（A）与（C）之间";s:6:"weight";s:1:"1";}i:2;a:2:{s:6:"answer";s:11:"C.不是的";s:6:"weight";s:1:"0";}}', 1),
(523, 6, 23, 111, '我宁愿', 'a:3:{i:0;a:2:{s:6:"answer";s:20:"A.结识很多的人";s:6:"weight";s:1:"2";}i:1;a:2:{s:6:"answer";s:11:"B.不一定";s:6:"weight";s:1:"1";}i:2;a:2:{s:6:"answer";s:29:"C.维持几个深交的朋友";s:6:"weight";s:1:"0";}}', 1),
(524, 6, 23, 135, '与人交际时，我常会无端地产生一种自卑感', 'a:3:{i:0;a:2:{s:6:"answer";s:8:"A.是的";s:6:"weight";s:1:"0";}i:1;a:2:{s:6:"answer";s:32:"B. 介于（A）与（C）之间";s:6:"weight";s:1:"1";}i:2;a:2:{s:6:"answer";s:11:"C.不是的";s:6:"weight";s:1:"2";}}', 1),
(525, 6, 23, 136, '主动与陌生人交谈', 'a:3:{i:0;a:2:{s:6:"answer";s:14:"A.毫不困难";s:6:"weight";s:1:"2";}i:1;a:2:{s:6:"answer";s:32:"B. 介于（A）与（C）之间";s:6:"weight";s:1:"1";}i:2;a:2:{s:6:"answer";s:17:"C.是一件难事";s:6:"weight";s:1:"0";}}', 1),
(526, 6, 23, 161, '我工作时不喜欢有许多人在旁观看', 'a:3:{i:0;a:2:{s:6:"answer";s:8:"A.是的";s:6:"weight";s:1:"0";}i:1;a:2:{s:6:"answer";s:32:"B. 介于（A）与（C）之间";s:6:"weight";s:1:"1";}i:2;a:2:{s:6:"answer";s:11:"C.不是的";s:6:"weight";s:1:"2";}}', 1),
(527, 6, 23, 186, '我经常精力充沛，忙忙碌碌', 'a:3:{i:0;a:2:{s:6:"answer";s:8:"A.是的";s:6:"weight";s:1:"2";}i:1;a:2:{s:6:"answer";s:11:"B.不一定";s:6:"weight";s:1:"1";}i:2;a:2:{s:6:"answer";s:11:"C.不是的";s:6:"weight";s:1:"0";}}', 1),
(528, 6, 24, 27, '我愿做一名', 'a:3:{i:0;a:2:{s:6:"answer";s:17:"A.建筑工程师";s:6:"weight";s:1:"0";}i:1;a:2:{s:6:"answer";s:11:"B.不确定";s:6:"weight";s:1:"1";}i:2;a:2:{s:6:"answer";s:23:"C.社会科学的教员";s:6:"weight";s:1:"2";}}', 1),
(529, 6, 24, 28, '阅读时，我宁愿选读', 'a:3:{i:0;a:2:{s:6:"answer";s:23:"A.著名的宗教教义";s:6:"weight";s:1:"0";}i:1;a:2:{s:6:"answer";s:11:"B.不确定";s:6:"weight";s:1:"1";}i:2;a:2:{s:6:"answer";s:29:"C.国家政治组织的理论";s:6:"weight";s:1:"2";}}', 1),
(530, 6, 24, 37, '在下列工作中，我喜欢的是', 'a:3:{i:0;a:2:{s:6:"answer";s:8:"A.音乐";s:6:"weight";s:1:"2";}i:1;a:2:{s:6:"answer";s:11:"B.不一定";s:6:"weight";s:1:"1";}i:2;a:2:{s:6:"answer";s:8:"C.手工";s:6:"weight";s:1:"0";}}', 1),
(531, 6, 24, 62, '我宁愿', 'a:3:{i:0;a:2:{s:6:"answer";s:23:"A.指挥几个人工作";s:6:"weight";s:1:"0";}i:1;a:2:{s:6:"answer";s:11:"B.不确定";s:6:"weight";s:1:"1";}i:2;a:2:{s:6:"answer";s:23:"C.和团体共同工作";s:6:"weight";s:1:"2";}}', 1),
(532, 6, 24, 87, '我宁愿阅读', 'a:3:{i:0;a:2:{s:6:"answer";s:32:"A.军事与政治的事实记载";s:6:"weight";s:1:"0";}i:1;a:2:{s:6:"answer";s:11:"B.不一定";s:6:"weight";s:1:"1";}i:2;a:2:{s:6:"answer";s:38:"C.一部富有情感与幻想的作品";s:6:"weight";s:1:"2";}}', 1),
(533, 6, 24, 112, '我宁愿成为一名哲学家，而不愿做一名机械工程师', 'a:3:{i:0;a:2:{s:6:"answer";s:8:"A.是的";s:6:"weight";s:1:"2";}i:1;a:2:{s:6:"answer";s:11:"B.不确定";s:6:"weight";s:1:"1";}i:2;a:2:{s:6:"answer";s:11:"C.不是的";s:6:"weight";s:1:"0";}}', 1),
(534, 6, 24, 137, '我喜欢的音乐，多数是', 'a:3:{i:0;a:2:{s:6:"answer";s:14:"A.轻快活泼";s:6:"weight";s:1:"0";}i:1;a:2:{s:6:"answer";s:32:"B. 介于（A）与（C）之间";s:6:"weight";s:1:"1";}i:2;a:2:{s:6:"answer";s:14:"C.富于情感";s:6:"weight";s:1:"2";}}', 1),
(535, 6, 24, 138, '我爱做“白日梦”，即“完全沉浸于幻想之中”', 'a:3:{i:0;a:2:{s:6:"answer";s:8:"A.是的";s:6:"weight";s:1:"2";}i:1;a:2:{s:6:"answer";s:11:"B.不一定";s:6:"weight";s:1:"1";}i:2;a:2:{s:6:"answer";s:11:"C.不是的";s:6:"weight";s:1:"0";}}', 1),
(536, 6, 24, 162, '故意去为难一些有教养的人，如医生，老师等人的尊严，是一件有趣的事', 'a:3:{i:0;a:2:{s:6:"answer";s:8:"A.是的";s:6:"weight";s:1:"0";}i:1;a:2:{s:6:"answer";s:32:"B. 介于（A）与（C）之间";s:6:"weight";s:1:"1";}i:2;a:2:{s:6:"answer";s:11:"C.不是的";s:6:"weight";s:1:"2";}}', 1),
(537, 6, 24, 163, '在各种课程中，我较喜欢', 'a:3:{i:0;a:2:{s:6:"answer";s:8:"A.语文";s:6:"weight";s:1:"2";}i:1;a:2:{s:6:"answer";s:11:"B.不确定";s:6:"weight";s:1:"1";}i:2;a:2:{s:6:"answer";s:8:"C.数学";s:6:"weight";s:1:"0";}}', 1),
(538, 6, 25, 29, '我相信许多人都有些心理不正常，虽然他们都不愿意这样承认', 'a:3:{i:0;a:2:{s:6:"answer";s:8:"A.是的";s:6:"weight";s:1:"2";}i:1;a:2:{s:6:"answer";s:32:"B. 介于（A）与（C）之间";s:6:"weight";s:1:"1";}i:2;a:2:{s:6:"answer";s:11:"C.不是的";s:6:"weight";s:1:"0";}}', 1),
(539, 6, 25, 38, '我常常怀疑那些过于友善的人的动机是否友善', 'a:3:{i:0;a:2:{s:6:"answer";s:8:"A.是的";s:6:"weight";s:1:"2";}i:1;a:2:{s:6:"answer";s:32:"B. 介于（A）与（C）之间";s:6:"weight";s:1:"1";}i:2;a:2:{s:6:"answer";s:11:"C.不是的";s:6:"weight";s:1:"0";}}', 1),
(540, 6, 25, 63, '即使我做了一桩贻笑大方的事，我也仍然能够将它淡然忘却', 'a:3:{i:0;a:2:{s:6:"answer";s:8:"A.是的";s:6:"weight";s:1:"0";}i:1;a:2:{s:6:"answer";s:32:"B. 介于（A）与（C）之间";s:6:"weight";s:1:"1";}i:2;a:2:{s:6:"answer";s:11:"C.不是的";s:6:"weight";s:1:"2";}}', 1),
(541, 6, 25, 64, '没有人会幸灾乐祸地希望我遭遇困难', 'a:3:{i:0;a:2:{s:6:"answer";s:8:"A.是的";s:6:"weight";s:1:"0";}i:1;a:2:{s:6:"answer";s:11:"B.不确定";s:6:"weight";s:1:"1";}i:2;a:2:{s:6:"answer";s:11:"C.不是的";s:6:"weight";s:1:"2";}}', 1),
(542, 6, 25, 88, '有许多人不敢行骗，主要原因是怕受到惩罚', 'a:3:{i:0;a:2:{s:6:"answer";s:8:"A.是的";s:6:"weight";s:1:"2";}i:1;a:2:{s:6:"answer";s:32:"B. 介于（A）与（C）之间";s:6:"weight";s:1:"1";}i:2;a:2:{s:6:"answer";s:11:"C.不是的";s:6:"weight";s:1:"0";}}', 1),
(543, 6, 25, 89, '我的父母(或保护人)从未很严格地要我事事顺从', 'a:3:{i:0;a:2:{s:6:"answer";s:8:"A.是的";s:6:"weight";s:1:"0";}i:1;a:2:{s:6:"answer";s:11:"B.不一定";s:6:"weight";s:1:"1";}i:2;a:2:{s:6:"answer";s:11:"C.不是的";s:6:"weight";s:1:"2";}}', 1),
(544, 6, 25, 113, '如果我发现某人自私不义时，我总不顾一切指责他的弱点', 'a:3:{i:0;a:2:{s:6:"answer";s:8:"A.是的";s:6:"weight";s:1:"2";}i:1;a:2:{s:6:"answer";s:11:"B.不确定";s:6:"weight";s:1:"1";}i:2;a:2:{s:6:"answer";s:11:"C.不是的";s:6:"weight";s:1:"0";}}', 1),
(545, 6, 25, 114, '我善于用心机去影响同伴，使他们能协助我实现我的目标', 'a:3:{i:0;a:2:{s:6:"answer";s:8:"A.是的";s:6:"weight";s:1:"2";}i:1;a:2:{s:6:"answer";s:32:"B. 介于（A）与（C）之间";s:6:"weight";s:1:"1";}i:2;a:2:{s:6:"answer";s:11:"C.不是的";s:6:"weight";s:1:"0";}}', 1),
(546, 6, 25, 139, '未来二十年的世界局势定将好转', 'a:3:{i:0;a:2:{s:6:"answer";s:8:"A.是的";s:6:"weight";s:1:"0";}i:1;a:2:{s:6:"answer";s:11:"B.不一定";s:6:"weight";s:1:"1";}i:2;a:2:{s:6:"answer";s:11:"C.不是的";s:6:"weight";s:1:"2";}}', 1),
(547, 6, 25, 164, '那些自以为是，道貌岸然的人最使我生气', 'a:3:{i:0;a:2:{s:6:"answer";s:8:"A.是的";s:6:"weight";s:1:"2";}i:1;a:2:{s:6:"answer";s:32:"B. 介于（A）与（C）之间";s:6:"weight";s:1:"1";}i:2;a:2:{s:6:"answer";s:11:"C.不是的";s:6:"weight";s:1:"0";}}', 1),
(548, 6, 26, 30, '我所希望的结婚对象应擅长交际但无须有文艺才能', 'a:3:{i:0;a:2:{s:6:"answer";s:8:"A.是的";s:6:"weight";s:1:"0";}i:1;a:2:{s:6:"answer";s:11:"B.不一定";s:6:"weight";s:1:"1";}i:2;a:2:{s:6:"answer";s:11:"C.不是的";s:6:"weight";s:1:"2";}}', 1),
(549, 6, 26, 31, '对于头脑简单和不讲理的人，我仍然能以礼相待', 'a:3:{i:0;a:2:{s:6:"answer";s:8:"A.是的";s:6:"weight";s:1:"0";}i:1;a:2:{s:6:"answer";s:32:"B. 介于（A）与（C）之间";s:6:"weight";s:1:"1";}i:2;a:2:{s:6:"answer";s:11:"C.不是的";s:6:"weight";s:1:"2";}}', 1),
(550, 6, 26, 39, '我宁愿自己的生活象', 'a:3:{i:0;a:2:{s:6:"answer";s:29:"A.一个艺人或博物学家";s:6:"weight";s:1:"2";}i:1;a:2:{s:6:"answer";s:11:"B.不确定";s:6:"weight";s:1:"1";}i:2;a:2:{s:6:"answer";s:38:"C.会计师或保险公司的经纪人";s:6:"weight";s:1:"0";}}', 1),
(551, 6, 26, 40, '目前世界所需要的是', 'a:3:{i:0;a:2:{s:6:"answer";s:53:"A.多产生一些富有改善世界计划的理想家";s:6:"weight";s:1:"2";}i:1;a:2:{s:6:"answer";s:11:"B.不确定";s:6:"weight";s:1:"1";}i:2;a:2:{s:6:"answer";s:29:"C.脚踏实地的可靠公民";s:6:"weight";s:1:"0";}}', 1),
(552, 6, 26, 65, '一个人应该考虑人生的真正意义', 'a:3:{i:0;a:2:{s:6:"answer";s:9:"A. 是的";s:6:"weight";s:1:"2";}i:1;a:2:{s:6:"answer";s:11:"B.不确定";s:6:"weight";s:1:"1";}i:2;a:2:{s:6:"answer";s:12:"C. 不是的";s:6:"weight";s:1:"0";}}', 1),
(553, 6, 26, 90, '“百折不挠、再接再励”的精神似乎完全被现代人忽视了', 'a:3:{i:0;a:2:{s:6:"answer";s:9:"A. 是的";s:6:"weight";s:1:"0";}i:1;a:2:{s:6:"answer";s:11:"B.不一定";s:6:"weight";s:1:"1";}i:2;a:2:{s:6:"answer";s:12:"C. 不是的";s:6:"weight";s:1:"2";}}', 1),
(554, 6, 26, 91, '如果有人对我发怒，我总', 'a:3:{i:0;a:2:{s:6:"answer";s:26:"A.设法使他镇静下来";s:6:"weight";s:1:"2";}i:1;a:2:{s:6:"answer";s:14:"B.不太确定";s:6:"weight";s:1:"1";}i:2;a:2:{s:6:"answer";s:20:"C.也会恼怒起来";s:6:"weight";s:1:"0";}}', 1),
(555, 6, 26, 115, '我喜欢做戏剧、音乐、歌剧等新闻采访工作', 'a:3:{i:0;a:2:{s:6:"answer";s:8:"A.是的";s:6:"weight";s:1:"2";}i:1;a:2:{s:6:"answer";s:11:"B.不一定";s:6:"weight";s:1:"1";}i:2;a:2:{s:6:"answer";s:11:"C.不是的";s:6:"weight";s:1:"0";}}', 1),
(556, 6, 26, 116, '当人们表扬我时，我总觉得不好意思', 'a:3:{i:0;a:2:{s:6:"answer";s:8:"A.是的";s:6:"weight";s:1:"2";}i:1;a:2:{s:6:"answer";s:32:"B. 介于（A）与（C）之间";s:6:"weight";s:1:"1";}i:2;a:2:{s:6:"answer";s:11:"C.不是的";s:6:"weight";s:1:"0";}}', 1),
(557, 6, 26, 140, '童年时，我喜欢阅读', 'a:3:{i:0;a:2:{s:6:"answer";s:20:"A.神话幻想故事";s:6:"weight";s:1:"2";}i:1;a:2:{s:6:"answer";s:11:"B.不确定";s:6:"weight";s:1:"1";}i:2;a:2:{s:6:"answer";s:14:"C.战争故事";s:6:"weight";s:1:"0";}}', 1),
(558, 6, 26, 141, '我素来对机械、汽车、飞机等有兴趣', 'a:3:{i:0;a:2:{s:6:"answer";s:8:"A.是的";s:6:"weight";s:1:"0";}i:1;a:2:{s:6:"answer";s:32:"B. 介于（A）与（C）之间";s:6:"weight";s:1:"1";}i:2;a:2:{s:6:"answer";s:11:"C.不是的";s:6:"weight";s:1:"2";}}', 1),
(559, 6, 26, 165, '平常与循规蹈矩的人交谈', 'a:3:{i:0;a:2:{s:6:"answer";s:29:"A.颇有兴趣，亦有所得";s:6:"weight";s:1:"0";}i:1;a:2:{s:6:"answer";s:32:"B. 介于（A）与（C）之间";s:6:"weight";s:1:"1";}i:2;a:2:{s:6:"answer";s:35:"C.他们的思想肤浅使我厌烦";s:6:"weight";s:1:"2";}}', 1),
(560, 6, 26, 166, '我喜欢', 'a:3:{i:0;a:2:{s:6:"answer";s:56:"A.有几个有时对我很苛求但富有感情的朋友";s:6:"weight";s:1:"0";}i:1;a:2:{s:6:"answer";s:32:"B. 介于（A）与（C）之间";s:6:"weight";s:1:"1";}i:2;a:2:{s:6:"answer";s:23:"C.不受别人的干涉";s:6:"weight";s:1:"2";}}', 1),
(561, 6, 27, 32, '受人侍奉时我常感到不安', 'a:3:{i:0;a:2:{s:6:"answer";s:8:"A.是的";s:6:"weight";s:1:"0";}i:1;a:2:{s:6:"answer";s:32:"B. 介于（A）与（C）之间";s:6:"weight";s:1:"1";}i:2;a:2:{s:6:"answer";s:11:"C.不是的";s:6:"weight";s:1:"2";}}', 1),
(562, 6, 27, 17, '从事体力劳动或脑力劳动后，我比平常人需要更多的休息才能恢复工作效率', 'a:3:{i:0;a:2:{s:6:"answer";s:8:"A.是的";s:6:"weight";s:1:"2";}i:1;a:2:{s:6:"answer";s:32:"B. 介于（A）与（C）之间";s:6:"weight";s:1:"1";}i:2;a:2:{s:6:"answer";s:11:"C.不是的";s:6:"weight";s:1:"0";}}', 1),
(563, 6, 27, 41, '有时候我觉得我需要做剧烈的体力活动', 'a:3:{i:0;a:2:{s:6:"answer";s:8:"A.是的";s:6:"weight";s:1:"0";}i:1;a:2:{s:6:"answer";s:32:"B. 介于（A）与（C）之间";s:6:"weight";s:1:"1";}i:2;a:2:{s:6:"answer";s:11:"C.不是的";s:6:"weight";s:1:"2";}}', 1),
(564, 6, 27, 42, '我愿意与有礼貌有教养的人来往，而不愿和粗鲁野蛮的人为伍', 'a:3:{i:0;a:2:{s:6:"answer";s:8:"A.是的";s:6:"weight";s:1:"2";}i:1;a:2:{s:6:"answer";s:32:"B. 介于（A）与（C）之间";s:6:"weight";s:1:"1";}i:2;a:2:{s:6:"answer";s:11:"C.不是的";s:6:"weight";s:1:"0";}}', 1),
(565, 6, 27, 66, '我喜欢解决别人已弄得一塌糊涂的问题', 'a:3:{i:0;a:2:{s:6:"answer";s:8:"A.是的";s:6:"weight";s:1:"0";}i:1;a:2:{s:6:"answer";s:32:"B. 介于（A）与（C）之间";s:6:"weight";s:1:"1";}i:2;a:2:{s:6:"answer";s:11:"C.不是的";s:6:"weight";s:1:"2";}}', 1),
(566, 6, 27, 67, '我十分高兴的时候总有“好景不长”之感', 'a:3:{i:0;a:2:{s:6:"answer";s:8:"A.是的";s:6:"weight";s:1:"0";}i:1;a:2:{s:6:"answer";s:32:"B. 介于（A）与（C）之间";s:6:"weight";s:1:"1";}i:2;a:2:{s:6:"answer";s:11:"C.不是的";s:6:"weight";s:1:"2";}}', 1),
(567, 6, 27, 92, '我希望人人友好相处', 'a:3:{i:0;a:2:{s:6:"answer";s:8:"A.是的";s:6:"weight";s:1:"0";}i:1;a:2:{s:6:"answer";s:12:"B. 不一定";s:6:"weight";s:1:"1";}i:2;a:2:{s:6:"answer";s:11:"C.不是的";s:6:"weight";s:1:"2";}}', 1),
(568, 6, 27, 117, '我以为现在最需要解决的问题是', 'a:3:{i:0;a:2:{s:6:"answer";s:14:"A.政治纠纷";s:6:"weight";s:1:"2";}i:1;a:2:{s:6:"answer";s:14:"B.不太确定";s:6:"weight";s:1:"1";}i:2;a:2:{s:6:"answer";s:23:"C.道德目标的有无";s:6:"weight";s:1:"0";}}', 1),
(569, 6, 27, 142, '我愿意做缓刑释放罪犯的管理监视人', 'a:3:{i:0;a:2:{s:6:"answer";s:8:"A.是的";s:6:"weight";s:1:"2";}i:1;a:2:{s:6:"answer";s:32:"B. 介于（A）与（C）之间";s:6:"weight";s:1:"1";}i:2;a:2:{s:6:"answer";s:11:"C.不是的";s:6:"weight";s:1:"0";}}', 1),
(570, 6, 27, 167, '如果做民意投票时，我宁愿投票赞同', 'a:3:{i:0;a:2:{s:6:"answer";s:35:"A.根绝有心理缺陷者的生育";s:6:"weight";s:1:"2";}i:1;a:2:{s:6:"answer";s:11:"B.不确定";s:6:"weight";s:1:"1";}i:2;a:2:{s:6:"answer";s:26:"C.对杀人犯判处死刑";s:6:"weight";s:1:"0";}}', 1),
(571, 6, 28, 18, '半夜醒来，我会为种种忧虑而不能再入睡', 'a:3:{i:0;a:2:{s:6:"answer";s:14:"A.常常如此";s:6:"weight";s:1:"2";}i:1;a:2:{s:6:"answer";s:14:"B.有时如此";s:6:"weight";s:1:"1";}i:2;a:2:{s:6:"answer";s:14:"C.极少如此";s:6:"weight";s:1:"0";}}', 1),
(572, 6, 28, 19, '事情进行不顺利时，我常会急得掉眼泪', 'a:3:{i:0;a:2:{s:6:"answer";s:14:"A.从不如此";s:6:"weight";s:1:"0";}i:1;a:2:{s:6:"answer";s:14:"B.有时如此";s:6:"weight";s:1:"1";}i:2;a:2:{s:6:"answer";s:14:"C.极少如此";s:6:"weight";s:1:"2";}}', 1),
(573, 6, 28, 43, '在处理一些必须凭籍智慧的事务中，我的父母的确', 'a:3:{i:0;a:2:{s:6:"answer";s:17:"A.较一般人差";s:6:"weight";s:1:"2";}i:1;a:2:{s:6:"answer";s:8:"B.普通";s:6:"weight";s:1:"1";}i:2;a:2:{s:6:"answer";s:14:"C.超人一等";s:6:"weight";s:1:"0";}}', 1),
(574, 6, 28, 44, '当上司(或老师)召见我时，我', 'a:3:{i:0;a:2:{s:6:"answer";s:35:"A.总觉得可以趁机提出建议";s:6:"weight";s:1:"0";}i:1;a:2:{s:6:"answer";s:32:"B. 介于（A）与（C）之间";s:6:"weight";s:1:"1";}i:2;a:2:{s:6:"answer";s:35:"C.总怀疑自己做错了什么事";s:6:"weight";s:1:"2";}}', 1),
(575, 6, 28, 68, '在一般的困难处境下，我总能保持乐观', 'a:3:{i:0;a:2:{s:6:"answer";s:8:"A.是的";s:6:"weight";s:1:"0";}i:1;a:2:{s:6:"answer";s:11:"B.不一定";s:6:"weight";s:1:"1";}i:2;a:2:{s:6:"answer";s:11:"C.不是的";s:6:"weight";s:1:"2";}}', 1),
(576, 6, 28, 69, '迁居是一桩极不愉快的事', 'a:3:{i:0;a:2:{s:6:"answer";s:8:"A.是的";s:6:"weight";s:1:"0";}i:1;a:2:{s:6:"answer";s:32:"B. 介于（A）与（C）之间";s:6:"weight";s:1:"1";}i:2;a:2:{s:6:"answer";s:11:"C.不是的";s:6:"weight";s:1:"2";}}', 1),
(577, 6, 28, 93, '无论在极高的屋顶还是在很深的隧道中，我很少觉得胆怯不安', 'a:3:{i:0;a:2:{s:6:"answer";s:8:"A.是的";s:6:"weight";s:1:"0";}i:1;a:2:{s:6:"answer";s:32:"B. 介于（A）与（C）之间";s:6:"weight";s:1:"1";}i:2;a:2:{s:6:"answer";s:11:"C.不是的";s:6:"weight";s:1:"2";}}', 1),
(578, 6, 28, 94, '我只要没过错，不管人家怎样归咎于我，我总能心安理得', 'a:3:{i:0;a:2:{s:6:"answer";s:8:"A.是的";s:6:"weight";s:1:"0";}i:1;a:2:{s:6:"answer";s:11:"B.不一定";s:6:"weight";s:1:"1";}i:2;a:2:{s:6:"answer";s:11:"C.不是的";s:6:"weight";s:1:"2";}}', 1),
(579, 6, 28, 118, '我有时会无故地产生一种面临横祸的恐惧', 'a:3:{i:0;a:2:{s:6:"answer";s:8:"A.是的";s:6:"weight";s:1:"2";}i:1;a:2:{s:6:"answer";s:14:"B.有时如此";s:6:"weight";s:1:"1";}i:2;a:2:{s:6:"answer";s:11:"C.不是的";s:6:"weight";s:1:"0";}}', 1),
(580, 6, 28, 119, '我在童年时，害怕黑暗的次数', 'a:3:{i:0;a:2:{s:6:"answer";s:8:"A.极多";s:6:"weight";s:1:"2";}i:1;a:2:{s:6:"answer";s:11:"B.不太多";s:6:"weight";s:1:"1";}i:2;a:2:{s:6:"answer";s:8:"C.没有";s:6:"weight";s:1:"0";}}', 1),
(581, 6, 28, 143, '人们认为我只不过是一个能苦干，稍有成就的人而已', 'a:3:{i:0;a:2:{s:6:"answer";s:8:"A.是的";s:6:"weight";s:1:"2";}i:1;a:2:{s:6:"answer";s:32:"B. 介于（A）与（C）之间";s:6:"weight";s:1:"1";}i:2;a:2:{s:6:"answer";s:11:"C.不是的";s:6:"weight";s:1:"0";}}', 1),
(582, 6, 28, 144, '在逆境中，我总能保持精神振奋', 'a:3:{i:0;a:2:{s:6:"answer";s:8:"A.是的";s:6:"weight";s:1:"0";}i:1;a:2:{s:6:"answer";s:32:"B. 介于（A）与（C）之间";s:6:"weight";s:1:"1";}i:2;a:2:{s:6:"answer";s:11:"C.不是的";s:6:"weight";s:1:"2";}}', 1),
(583, 6, 28, 168, '我有时会无端地感到沮丧和痛苦', 'a:3:{i:0;a:2:{s:6:"answer";s:8:"A.是的";s:6:"weight";s:1:"2";}i:1;a:2:{s:6:"answer";s:32:"B. 介于（A）与（C）之间";s:6:"weight";s:1:"1";}i:2;a:2:{s:6:"answer";s:11:"C.不是的";s:6:"weight";s:1:"0";}}', 1),
(584, 6, 29, 20, '我认为只要双方同意就可以离婚，不应当受传统礼教的束缚', 'a:3:{i:0;a:2:{s:6:"answer";s:8:"A.是的";s:6:"weight";s:1:"2";}i:1;a:2:{s:6:"answer";s:32:"B. 介于（A）与（C）之间";s:6:"weight";s:1:"1";}i:2;a:2:{s:6:"answer";s:11:"C.不是的";s:6:"weight";s:1:"0";}}', 1),
(585, 6, 29, 21, '我对于人或物的兴趣都很容易改变', 'a:3:{i:0;a:2:{s:6:"answer";s:8:"A.是的";s:6:"weight";s:1:"2";}i:1;a:2:{s:6:"answer";s:32:"B. 介于（A）与（C）之间";s:6:"weight";s:1:"1";}i:2;a:2:{s:6:"answer";s:11:"C.不是的";s:6:"weight";s:1:"0";}}', 1),
(586, 6, 29, 45, '假使薪资待遇优厚，我愿意担任照料精神病人的职务', 'a:3:{i:0;a:2:{s:6:"answer";s:8:"A.是的";s:6:"weight";s:1:"0";}i:1;a:2:{s:6:"answer";s:32:"B. 介于（A）与（C）之间";s:6:"weight";s:1:"1";}i:2;a:2:{s:6:"answer";s:11:"C.不是的";s:6:"weight";s:1:"2";}}', 1),
(587, 6, 29, 46, '看报时，我喜欢读', 'a:3:{i:0;a:2:{s:6:"answer";s:44:"A.当前世界的基本社会问题的辩论";s:6:"weight";s:1:"2";}i:1;a:2:{s:6:"answer";s:32:"B. 介于（A）与（C）之间";s:6:"weight";s:1:"1";}i:2;a:2:{s:6:"answer";s:23:"C.地方新闻的报道";s:6:"weight";s:1:"0";}}', 1),
(588, 6, 29, 70, '在我年轻的时候，如果我和父母的意见不同，我经常', 'a:3:{i:0;a:2:{s:6:"answer";s:23:"A.坚持自己的意见";s:6:"weight";s:1:"2";}i:1;a:2:{s:6:"answer";s:32:"B. 介于（A）与（C）之间";s:6:"weight";s:1:"1";}i:2;a:2:{s:6:"answer";s:23:"C.接受他们的意见";s:6:"weight";s:1:"0";}}', 1),
(589, 6, 29, 95, '我认为凡是无法使用理智来解决的问题，有时就不得不靠权力来处理', 'a:3:{i:0;a:2:{s:6:"answer";s:8:"A.是的";s:6:"weight";s:1:"0";}i:1;a:2:{s:6:"answer";s:32:"B. 介于（A）与（C）之间";s:6:"weight";s:1:"1";}i:2;a:2:{s:6:"answer";s:11:"C.不是的";s:6:"weight";s:1:"2";}}', 1),
(590, 6, 29, 120, '黄昏闲暇，我喜欢', 'a:3:{i:0;a:2:{s:6:"answer";s:29:"A.看一部历史探险影片";s:6:"weight";s:1:"0";}i:1;a:2:{s:6:"answer";s:11:"B.不一定";s:6:"weight";s:1:"1";}i:2;a:2:{s:6:"answer";s:29:"C.念一本科学幻想小说";s:6:"weight";s:1:"2";}}', 1),
(591, 6, 29, 145, '我认为人工节育是解决世界经济与和平问题的要诀', 'a:3:{i:0;a:2:{s:6:"answer";s:8:"A.是的";s:6:"weight";s:1:"2";}i:1;a:2:{s:6:"answer";s:14:"B.不太确定";s:6:"weight";s:1:"1";}i:2;a:2:{s:6:"answer";s:11:"C.不是的";s:6:"weight";s:1:"0";}}', 1),
(592, 6, 29, 169, '当我与立场相反的人辩论时，我主张', 'a:3:{i:0;a:2:{s:6:"answer";s:35:"A.尽量找出基本观点的差异";s:6:"weight";s:1:"2";}i:1;a:2:{s:6:"answer";s:11:"B.不一定";s:6:"weight";s:1:"1";}i:2;a:2:{s:6:"answer";s:29:"C.彼此让步以解决矛盾";s:6:"weight";s:1:"0";}}', 1),
(593, 6, 29, 170, '我一向重感情而不重理智，因此我的观点常动摇不定', 'a:3:{i:0;a:2:{s:6:"answer";s:8:"A.是的";s:6:"weight";s:1:"0";}i:1;a:2:{s:6:"answer";s:14:"B.不致如此";s:6:"weight";s:1:"1";}i:2;a:2:{s:6:"answer";s:11:"C.不是的";s:6:"weight";s:1:"2";}}', 1),
(594, 6, 30, 22, '筹划事务时，我宁愿', 'a:3:{i:0;a:2:{s:6:"answer";s:17:"A.和别人合作";s:6:"weight";s:1:"0";}i:1;a:2:{s:6:"answer";s:11:"B.不确定";s:6:"weight";s:1:"1";}i:2;a:2:{s:6:"answer";s:20:"C.自己单独进行";s:6:"weight";s:1:"2";}}', 1),
(595, 6, 30, 47, '在接受困难任务时，我总是', 'a:3:{i:0;a:2:{s:6:"answer";s:26:"A.有独立完成的信心";s:6:"weight";s:1:"2";}i:1;a:2:{s:6:"answer";s:11:"B.不确定";s:6:"weight";s:1:"1";}i:2;a:2:{s:6:"answer";s:32:"C.希望有别人帮助和指导";s:6:"weight";s:1:"0";}}', 1),
(596, 6, 30, 71, '我希望我能够使家庭', 'a:3:{i:0;a:2:{s:6:"answer";s:32:"A.有其本身的欢乐和活动";s:6:"weight";s:1:"2";}i:1;a:2:{s:6:"answer";s:32:"B. 介于（A）与（C）之间";s:6:"weight";s:1:"1";}i:2;a:2:{s:6:"answer";s:38:"C.成为邻里社交活动的一部分";s:6:"weight";s:1:"0";}}', 1),
(597, 6, 30, 72, '我解决问题多数依靠', 'a:3:{i:0;a:2:{s:6:"answer";s:20:"A.个人独立思考";s:6:"weight";s:1:"2";}i:1;a:2:{s:6:"answer";s:32:"B. 介于（A）与（C）之间";s:6:"weight";s:1:"1";}i:2;a:2:{s:6:"answer";s:20:"C.与人互相讨论";s:6:"weight";s:1:"0";}}', 1),
(598, 6, 30, 96, '我十六七岁时与异性朋友交往', 'a:3:{i:0;a:2:{s:6:"answer";s:8:"A.极多";s:6:"weight";s:1:"0";}i:1;a:2:{s:6:"answer";s:32:"B. 介于（A）与（C）之间";s:6:"weight";s:1:"1";}i:2;a:2:{s:6:"answer";s:17:"C.比别人冷淡";s:6:"weight";s:1:"2";}}', 1),
(599, 6, 30, 97, '我在交际场合或所参加的组织中是一个活跃分子', 'a:3:{i:0;a:2:{s:6:"answer";s:8:"A.是的";s:6:"weight";s:1:"0";}i:1;a:2:{s:6:"answer";s:32:"B. 介于（A）与（C）之间";s:6:"weight";s:1:"1";}i:2;a:2:{s:6:"answer";s:11:"C.不是的";s:6:"weight";s:1:"2";}}', 1),
(600, 6, 30, 121, '当人们批评我古怪时，我觉得', 'a:3:{i:0;a:2:{s:6:"answer";s:14:"A.非常气恼";s:6:"weight";s:1:"0";}i:1;a:2:{s:6:"answer";s:14:"B.有些动气";s:6:"weight";s:1:"1";}i:2;a:2:{s:6:"answer";s:11:"C.无所谓";s:6:"weight";s:1:"2";}}', 1),
(601, 6, 30, 122, '在一个陌生的城市找住址时，我经常', 'a:3:{i:0;a:2:{s:6:"answer";s:14:"A.找人问路";s:6:"weight";s:1:"0";}i:1;a:2:{s:6:"answer";s:32:"B. 介于（A）与（C）之间";s:6:"weight";s:1:"1";}i:2;a:2:{s:6:"answer";s:20:"C.参考市区地图";s:6:"weight";s:1:"2";}}', 1),
(602, 6, 30, 146, '我喜欢独自筹划，避免人家的干涉和建议', 'a:3:{i:0;a:2:{s:6:"answer";s:8:"A.是的";s:6:"weight";s:1:"2";}i:1;a:2:{s:6:"answer";s:32:"B. 介于（A）与（C）之间";s:6:"weight";s:1:"1";}i:2;a:2:{s:6:"answer";s:11:"C.不是的";s:6:"weight";s:1:"0";}}', 1),
(603, 6, 30, 171, '我的学习多依赖于', 'a:3:{i:0;a:2:{s:6:"answer";s:14:"A.阅读好书";s:6:"weight";s:1:"2";}i:1;a:2:{s:6:"answer";s:32:"B. 介于（A）与（C）之间";s:6:"weight";s:1:"1";}i:2;a:2:{s:6:"answer";s:20:"C.参加团体讨论";s:6:"weight";s:1:"0";}}', 1),
(604, 6, 31, 23, '我常会无端地自言自语', 'a:3:{i:0;a:2:{s:6:"answer";s:14:"A.常常如此";s:6:"weight";s:1:"0";}i:1;a:2:{s:6:"answer";s:14:"B.偶然如此";s:6:"weight";s:1:"1";}i:2;a:2:{s:6:"answer";s:14:"C.从不如此";s:6:"weight";s:1:"2";}}', 1),
(605, 6, 31, 24, '无论工作、饮食或出游，我总', 'a:3:{i:0;a:2:{s:6:"answer";s:26:"A.很匆忙，不能尽兴";s:6:"weight";s:1:"0";}i:1;a:2:{s:6:"answer";s:32:"B. 介于（A）与（C）之间";s:6:"weight";s:1:"1";}i:2;a:2:{s:6:"answer";s:17:"C.很从容不迫";s:6:"weight";s:1:"2";}}', 1),
(606, 6, 31, 48, '逛街时，我宁愿观看一个画家写生，而不愿旁听人家的争论', 'a:3:{i:0;a:2:{s:6:"answer";s:8:"A.是的";s:6:"weight";s:1:"2";}i:1;a:2:{s:6:"answer";s:11:"B.不一定";s:6:"weight";s:1:"1";}i:2;a:2:{s:6:"answer";s:11:"C.不是的";s:6:"weight";s:1:"0";}}', 1),
(607, 6, 31, 73, '需要“当机立断”时，我总', 'a:3:{i:0;a:2:{s:6:"answer";s:23:"A.镇静地运用理智";s:6:"weight";s:1:"2";}i:1;a:2:{s:6:"answer";s:32:"B. 介于（A）与（C）之间";s:6:"weight";s:1:"1";}i:2;a:2:{s:6:"answer";s:41:"C.常常紧张兴奋，不能冷静思考";s:6:"weight";s:1:"0";}}', 1),
(608, 6, 31, 98, '在人声噪杂中，我仍能不受妨碍，专心工作', 'a:3:{i:0;a:2:{s:6:"answer";s:8:"A.是的";s:6:"weight";s:1:"2";}i:1;a:2:{s:6:"answer";s:32:"B. 介于（A）与（C）之间";s:6:"weight";s:1:"1";}i:2;a:2:{s:6:"answer";s:11:"C.不是的";s:6:"weight";s:1:"0";}}', 1),
(609, 6, 31, 123, '朋友们声言要在家休息时，我仍设法怂恿他们外出', 'a:3:{i:0;a:2:{s:6:"answer";s:8:"A.是的";s:6:"weight";s:1:"0";}i:1;a:2:{s:6:"answer";s:11:"B.不一定";s:6:"weight";s:1:"1";}i:2;a:2:{s:6:"answer";s:11:"C.不是的";s:6:"weight";s:1:"2";}}', 1),
(610, 6, 31, 147, '我相信“上司不可能没有过错，但他仍有权做领导者”', 'a:3:{i:0;a:2:{s:6:"answer";s:8:"A.是的";s:6:"weight";s:1:"2";}i:1;a:2:{s:6:"answer";s:11:"B.不一定";s:6:"weight";s:1:"1";}i:2;a:2:{s:6:"answer";s:11:"C.不是的";s:6:"weight";s:1:"0";}}', 1),
(611, 6, 31, 148, '我总设法使自己不粗心大意、忽略细节', 'a:3:{i:0;a:2:{s:6:"answer";s:8:"A.是的";s:6:"weight";s:1:"2";}i:1;a:2:{s:6:"answer";s:32:"B. 介于（A）与（C）之间";s:6:"weight";s:1:"1";}i:2;a:2:{s:6:"answer";s:11:"C.不是的";s:6:"weight";s:1:"0";}}', 1),
(612, 6, 31, 172, '我宁愿选择一份薪资待遇高的工作，不在乎有无保障，而不愿做薪资待遇低的固定工作', 'a:3:{i:0;a:2:{s:6:"answer";s:8:"A.是的";s:6:"weight";s:1:"0";}i:1;a:2:{s:6:"answer";s:14:"B.不太确定";s:6:"weight";s:1:"1";}i:2;a:2:{s:6:"answer";s:11:"C.不是的";s:6:"weight";s:1:"2";}}', 1),
(613, 6, 31, 173, '在参加辩论以前，我总先把握住自己的立场', 'a:3:{i:0;a:2:{s:6:"answer";s:14:"A.经常如此";s:6:"weight";s:1:"2";}i:1;a:2:{s:6:"answer";s:14:"B.一般如此";s:6:"weight";s:1:"1";}i:2;a:2:{s:6:"answer";s:20:"C.必要时才如此";s:6:"weight";s:1:"0";}}', 1),
(614, 6, 32, 25, '有时我会怀疑别人是否对我的言谈真正感兴趣', 'a:3:{i:0;a:2:{s:6:"answer";s:8:"A.是的";s:6:"weight";s:1:"2";}i:1;a:2:{s:6:"answer";s:32:"B. 介于（A）与（C）之间";s:6:"weight";s:1:"1";}i:2;a:2:{s:6:"answer";s:12:"C.不是的 ";s:6:"weight";s:1:"0";}}', 1),
(615, 6, 32, 49, '我的神经脆弱，稍有刺激性的声音就会使我害怕', 'a:3:{i:0;a:2:{s:6:"answer";s:14:"A.时常如此";s:6:"weight";s:1:"2";}i:1;a:2:{s:6:"answer";s:14:"B.有时如此";s:6:"weight";s:1:"1";}i:2;a:2:{s:6:"answer";s:14:"C.从未如此";s:6:"weight";s:1:"0";}}', 1),
(616, 6, 32, 50, '我早上起床的时候，常常感到疲乏不堪', 'a:3:{i:0;a:2:{s:6:"answer";s:8:"A.是的";s:6:"weight";s:1:"2";}i:1;a:2:{s:6:"answer";s:32:"B. 介于（A）与（C）之间";s:6:"weight";s:1:"1";}i:2;a:2:{s:6:"answer";s:11:"C.不是的";s:6:"weight";s:1:"0";}}', 1),
(617, 6, 32, 74, '最近，在一两桩事情上，我觉得自己是无辜受累', 'a:3:{i:0;a:2:{s:6:"answer";s:8:"A.是的";s:6:"weight";s:1:"2";}i:1;a:2:{s:6:"answer";s:32:"B. 介于（A）与（C）之间";s:6:"weight";s:1:"1";}i:2;a:2:{s:6:"answer";s:11:"C.不是的";s:6:"weight";s:1:"0";}}', 1),
(618, 6, 32, 75, '我善于控制我的表情', 'a:3:{i:0;a:2:{s:6:"answer";s:8:"A.是的";s:6:"weight";s:1:"0";}i:1;a:2:{s:6:"answer";s:32:"B. 介于（A）与（C）之间";s:6:"weight";s:1:"1";}i:2;a:2:{s:6:"answer";s:11:"C.不是的";s:6:"weight";s:1:"2";}}', 1),
(619, 6, 32, 99, '在某些心境下，我常因困惑引起幻想而将工作搁置下来', 'a:3:{i:0;a:2:{s:6:"answer";s:8:"A.是的";s:6:"weight";s:1:"2";}i:1;a:2:{s:6:"answer";s:32:"B. 介于（A）与（C）之间";s:6:"weight";s:1:"1";}i:2;a:2:{s:6:"answer";s:11:"C.不是的";s:6:"weight";s:1:"0";}}', 1),
(620, 6, 32, 100, '我很少用难堪的话去中伤别人的感情', 'a:3:{i:0;a:2:{s:6:"answer";s:8:"A.是的";s:6:"weight";s:1:"0";}i:1;a:2:{s:6:"answer";s:14:"B.不太确定";s:6:"weight";s:1:"1";}i:2;a:2:{s:6:"answer";s:11:"C.不是的";s:6:"weight";s:1:"2";}}', 1),
(621, 6, 32, 124, '在就寝时，我', 'a:3:{i:0;a:2:{s:6:"answer";s:14:"A.不易入睡";s:6:"weight";s:1:"2";}i:1;a:2:{s:6:"answer";s:33:"B. 介于（A）与（C）之间 ";s:6:"weight";s:1:"1";}i:2;a:2:{s:6:"answer";s:17:"C.极容易入睡";s:6:"weight";s:1:"0";}}', 1),
(622, 6, 32, 125, '有人烦扰我时，我', 'a:3:{i:0;a:2:{s:6:"answer";s:17:"A.能不露声色";s:6:"weight";s:1:"0";}i:1;a:2:{s:6:"answer";s:32:"B. 介于（A）与（C）之间";s:6:"weight";s:1:"1";}i:2;a:2:{s:6:"answer";s:36:"C.要说给别人听，以泄气愤 ";s:6:"weight";s:1:"2";}}', 1),
(623, 6, 32, 149, '与人争辩或险遭事故后，我常发抖，精疲力竭，不能安心工作', 'a:3:{i:0;a:2:{s:6:"answer";s:8:"A.是的";s:6:"weight";s:1:"2";}i:1;a:2:{s:6:"answer";s:32:"B. 介于（A）与（C）之间";s:6:"weight";s:1:"1";}i:2;a:2:{s:6:"answer";s:11:"C.不是的";s:6:"weight";s:1:"0";}}', 1),
(624, 6, 32, 150, '没有医生处方，我从不乱用药', 'a:3:{i:0;a:2:{s:6:"answer";s:8:"A.是的";s:6:"weight";s:1:"2";}i:1;a:2:{s:6:"answer";s:32:"B. 介于（A）与（C）之间";s:6:"weight";s:1:"1";}i:2;a:2:{s:6:"answer";s:11:"C.不是的";s:6:"weight";s:1:"0";}}', 1),
(625, 6, 32, 174, '我常被一些无谓的琐事所烦扰', 'a:3:{i:0;a:2:{s:6:"answer";s:8:"A.是的";s:6:"weight";s:1:"2";}i:1;a:2:{s:6:"answer";s:32:"B. 介于（A）与（C）之间";s:6:"weight";s:1:"1";}i:2;a:2:{s:6:"answer";s:11:"C.不是的";s:6:"weight";s:1:"0";}}', 1),
(626, 6, 32, 175, '我宁愿住在嘈杂的城市，而不愿住在安静的乡村', 'a:3:{i:0;a:2:{s:6:"answer";s:8:"A.是的";s:6:"weight";s:1:"0";}i:1;a:2:{s:6:"answer";s:15:" B.不太确定";s:6:"weight";s:1:"1";}i:2;a:2:{s:6:"answer";s:11:"C.不是的";s:6:"weight";s:1:"2";}}', 1);

-- --------------------------------------------------------

--
-- 表的结构 `report`
--

CREATE TABLE IF NOT EXISTS `report` (
  `id` int(11) NOT NULL AUTO_INCREMENT,
  `user_id` int(11) NOT NULL,
  `passed` int(11) NOT NULL DEFAULT '0',
  PRIMARY KEY (`id`)
) ENGINE=InnoDB DEFAULT CHARSET=utf8 COLLATE=utf8_bin AUTO_INCREMENT=1 ;

-- --------------------------------------------------------

--
-- 表的结构 `setting`
--

CREATE TABLE IF NOT EXISTS `setting` (
  `id` int(1) NOT NULL,
  `speed_boundary_min` varchar(10) COLLATE utf8_bin NOT NULL,
  `speed_boundary_max` varchar(10) COLLATE utf8_bin DEFAULT NULL,
  `speed_pass` varchar(255) COLLATE utf8_bin NOT NULL,
  `speed_unfort` varchar(255) COLLATE utf8_bin NOT NULL,
  `response_time_right` varchar(10) COLLATE utf8_bin NOT NULL,
  `response_time_max` varchar(10) COLLATE utf8_bin NOT NULL,
  `response_time_min` varchar(10) COLLATE utf8_bin NOT NULL,
  `response_four_right` varchar(10) COLLATE utf8_bin NOT NULL,
  `response_four_max` varchar(10) COLLATE utf8_bin NOT NULL,
  `response_four_min` varchar(10) COLLATE utf8_bin NOT NULL,
  `response_pass` varchar(255) COLLATE utf8_bin NOT NULL,
  `response_unfort` varchar(255) COLLATE utf8_bin NOT NULL,
  `deep_boundary` varchar(255) COLLATE utf8_bin NOT NULL,
  `deep_high` varchar(255) COLLATE utf8_bin NOT NULL,
  `deep_low` varchar(255) COLLATE utf8_bin NOT NULL,
  `hand_time` varchar(10) COLLATE utf8_bin NOT NULL,
  `hand_count` varchar(10) COLLATE utf8_bin NOT NULL,
  `hand_pass` varchar(255) COLLATE utf8_bin NOT NULL,
  `hand_unfort` varchar(255) COLLATE utf8_bin NOT NULL,
  PRIMARY KEY (`id`)
) ENGINE=InnoDB DEFAULT CHARSET=utf8 COLLATE=utf8_bin;

--
-- 转存表中的数据 `setting`
--

INSERT INTO `setting` (`id`, `speed_boundary_min`, `speed_boundary_max`, `speed_pass`, `speed_unfort`, `response_time_right`, `response_time_max`, `response_time_min`, `response_four_right`, `response_four_max`, `response_four_min`, `response_pass`, `response_unfort`, `deep_boundary`, `deep_high`, `deep_low`, `hand_time`, `hand_count`, `hand_pass`, `hand_unfort`) VALUES
(1, '0.19', '1.33', '速度知觉在合适范围内', '速度知觉处于非正常范围内', '9', '1076.17', '508.03', '5', '1320.72', '561.76', '反应时合适', '反应时不合适', '4.68', '深度知觉测试结果正常', '深度知觉测试结果不适合', '287.19', '10', '双手调节器测试结果显示正常', '双手调节器测试结果显示不合适');

-- --------------------------------------------------------

--
-- 表的结构 `system_user`
--

CREATE TABLE IF NOT EXISTS `system_user` (
  `id` int(1) NOT NULL AUTO_INCREMENT COMMENT 'ç³»ç»Ÿç”¨æˆ·id',
  `username` varchar(20) COLLATE utf8_bin NOT NULL COMMENT 'ç”¨æˆ·å',
  `password` text COLLATE utf8_bin NOT NULL COMMENT 'å¯†ç md5',
  `role_id` int(11) NOT NULL DEFAULT '1' COMMENT 'è§’è‰²ç±»åž‹id',
  `forbidden` int(1) NOT NULL DEFAULT '0',
  PRIMARY KEY (`id`),
  UNIQUE KEY `username` (`username`),
  KEY `id` (`id`)
) ENGINE=InnoDB  DEFAULT CHARSET=utf8 COLLATE=utf8_bin AUTO_INCREMENT=3 ;

--
-- 转存表中的数据 `system_user`
--

INSERT INTO `system_user` (`id`, `username`, `password`, `role_id`, `forbidden`) VALUES
(1, 'administrator', 'c3284d0f94606de1fd2af172aba15bf3', 0, 0),
(2, 'admin', 'c3284d0f94606de1fd2af172aba15bf3', 1, 0);

-- --------------------------------------------------------

--
-- 表的结构 `users`
--

CREATE TABLE IF NOT EXISTS `users` (
  `id` int(5) NOT NULL AUTO_INCREMENT,
  `name` varchar(30) COLLATE utf8_bin NOT NULL,
  `serial` varchar(50) COLLATE utf8_bin NOT NULL,
  `id_card` varchar(20) COLLATE utf8_bin NOT NULL,
  `sex` tinyint(4) NOT NULL DEFAULT '0',
  `clear_time` datetime DEFAULT NULL,
  `finish` tinyint(1) NOT NULL DEFAULT '0',
  `state` int(1) NOT NULL DEFAULT '0',
  PRIMARY KEY (`id`),
  UNIQUE KEY `serial` (`serial`),
  KEY `userid` (`id`)
) ENGINE=InnoDB DEFAULT CHARSET=utf8 COLLATE=utf8_bin AUTO_INCREMENT=1 ;
